:1000000038100020791C00007F6E0000651C000085
:10001000651C0000651C0000651C0000651C0000DC
:10002000000000000000000000000000351D00007E
:10003000651C000000000000DD1C0000651C0000C5
:10004000DD1E0000DD1E0000DD1E0000DD1E0000C4
:10005000DD1E0000DD1E0000DD1E0000DD1E0000B4
:10006000DD1E0000DD1E0000DD1E0000DD1E0000A4
:10007000DD1E0000DD1E0000DD1E0000DD1E000094
:10008000DD1E0000DD1E0000DD1E0000DD1E000084
:10009000DD1E0000DD1E0000DD1E0000DD1E000074
:1000A000DD1E0000DD1E0000DD1E0000DD1E000064
:1000B000DD1E0000DD1E0000DD1E0000DD1E000054
:1000C000DD1E0000DD1E0000DD1E0000DD1E000044
:1000D000DD1E0000DD1E0000DD1E0000DD1E000034
:1000E000DD1E0000DD1E0000DD1E0000DD1E000024
:1000F000DD1E0000DD1E0000DD1E0000DD1E000014
:10010000DD1E0000DD1E0000DD1E0000DD1E000003
:10011000DD1E0000DD1E0000DD1E0000DD1E0000F3
:10012000DD1E0000DD1E0000DD1E0000DD1E0000E3
:10013000DD1E0000DD1E0000DD1E0000DD1E0000D3
:10014000DD1E0000DD1E0000DD1E0000DD1E0000C3
:10015000DD1E0000DD1E0000DD1E0000DD1E0000B3
:10016000DD1E0000DD1E0000DD1E0000DD1E0000A3
:10017000DD1E0000DD1E0000DD1E0000DD1E000093
:10018000DD1E0000DD1E0000DD1E0000DD1E000083
:10019000DD1E0000DD1E0000DD1E0000DD1E000073
:1001A000DD1E0000DD1E0000DD1E0000DD1E000063
:1001B000DD1E0000DD1E0000DD1E0000DD1E000053
:1001C000DD1E0000DD1E0000DD1E0000DD1E000043
:1001D000DD1E0000DD1E0000DD1E0000DD1E000033
:1001E000DD1E0000DD1E0000DD1E0000DD1E000023
:1001F000DD1E0000DD1E0000DD1E0000DD1E000013
:10020000DD1E0000DD1E0000DD1E0000DD1E000002
:10021000DD1E0000DD1E0000DD1E0000DD1E0000F2
:10022000DD1E0000DD1E0000DD1E0000DD1E0000E2
:10023000DD1E0000DD1E0000DD1E0000DD1E0000D2
:10024000DD1E0000DD1E0000DD1E0000DD1E0000C2
:10025000DD1E0000DD1E0000DD1E0000DD1E0000B2
:10026000DD1E0000DD1E0000DD1E0000DD1E0000A2
:10027000DD1E0000DD1E0000DD1E0000DD1E000092
:10028000DD1E0000DD1E0000DD1E0000DD1E000082
:10029000DD1E0000DD1E0000DD1E0000DD1E000072
:1002A000DD1E0000DD1E0000DD1E0000DD1E000062
:1002B000DD1E0000DD1E0000DD1E0000DD1E000052
:1002C000DD1E0000DD1E0000DD1E0000DD1E000042
:1002D000DD1E0000DD1E0000DD1E0000DD1E000032
:1002E000DD1E0000DD1E0000DD1E0000DD1E000022
:1002F000DD1E0000DD1E0000DD1E0000DD1E000012
:10030000DD1E0000DD1E0000DD1E0000DD1E000001
:10031000DD1E0000DD1E0000DD1E0000DD1E0000F1
:10032000DD1E0000DD1E0000DD1E0000DD1E0000E1
:10033000DD1E0000DD1E0000DD1E0000DD1E0000D1
:10034000DD1E0000DD1E0000DD1E0000DD1E0000C1
:10035000DD1E0000DD1E0000DD1E0000DD1E0000B1
:10036000DD1E0000DD1E0000DD1E0000DD1E0000A1
:10037000DD1E0000DD1E0000DD1E0000DD1E000091
:10038000DD1E0000DD1E0000DD1E0000DD1E000081
:10039000DD1E0000DD1E0000DD1E0000DD1E000071
:1003A000DD1E0000DD1E0000DD1E0000DD1E000061
:1003B000DD1E0000DD1E0000DD1E0000DD1E000051
:1003C000DD1E0000DD1E0000DD1E0000DD1E000041
:1003D000DD1E0000DD1E0000DD1E0000DD1E000031
:1003E000DD1E0000DD1E0000DD1E0000DD1E000021
:1003F000DD1E0000DD1E0000DD1E0000DD1E000011
:10040000DD1E0000DD1E0000DD1E0000DD1E000000
:10041000DD1E0000DD1E0000DD1E0000DD1E0000F0
:10042000DD1E0000DD1E0000DD1E0000DD1E0000E0
:10043000DD1E0000DD1E0000DD1E0000DD1E0000D0
:10044000DD1E0000DD1E0000DD1E0000DD1E0000C0
:10045000DD1E0000DD1E0000DD1E0000DD1E0000B0
:10046000DD1E0000DD1E0000DD1E0000DD1E0000A0
:0C047000DD1E0000DD1E0000DD1E00008F
:10047C0053B94AB9002908BF00281CBF4FF0FF31FF
:10048C004FF0FF3000F00CB8ADF1080C6DE904CE64
:10049C0006F0F6F8DDF804E0DDE9022304B070475D
:1004AC00704700BF034613F8012B002AFBD1181A22
:1004BC00013870472DE9F04F804689461024DFF84B
:1004CC0060B0DFF860A099B0A4F1100504AF0095FE
:1004DC0043465A465021384605F050FE064619F858
:1004EC000530C6F15001B819524605F047FE0135EA
:1004FC00AC420644F3D1084B03970293002303222A
:10050C00CDE9003305491846103406F01DFA302C9D
:10051C00DAD119B0BDE8F08F33970000E489000000
:10052C00C08D0000CA8D000010B40A4683680349D0
:10053C001C680023A44610BC604700BF3C0400208C
:10054C0010B41346826814680A46A446014910BCCC
:10055C00604700BF3C040020054B186803691B680A
:10056C009B0683684FF0200154BFDB681B6918475A
:10057C0038040020054B186803691B689B068368C8
:10058C004FF0200154BF1B69DB681847380400206A
:10059C0030B54FF60575134C8BB0022301AACDE98B
:1005AC000423039302AB0693012304AACDE9082389
:1005BC000793ADF80050CDF808D0FFF7DBFF08AA81
:1005CC0006A92068FFF7BCFFFFF7C6FF9DF80530B2
:1005DC00DB0701D40BB030BD0021202005F0E8FA78
:1005EC00DBE700BF500400207FB506238DF80730F1
:1005FC000DF107030293012302AACDE9042303930F
:10060C00FFF7B8FF044B04A91868FFF78DFFFFF73D
:10061C00A3FF07B05DF804FB500400202DE9F04F58
:10062C000024BC4B99B0029320462346CDE90044EC
:10063C000322B94906F088F9B84B2046CDE90143AD
:10064C00009423460322B44906F07EF9B44B2046AD
:10065C00CDE90143009423460322AF4906F074F917
:10066C00B04B2046CDE90143009423460322AA490E
:10067C0006F06AF9AC4DAD48286007F0A9F90346BD
:10068C0058B9AB4ACDE901320122A349009306F0D7
:10069C005BF9002019B0BDE8F08F28680269816809
:1006AC001368A44E23F0200313600B684FF4202230
:1006BC0005219847FFF750FF9F48306007F088F9F5
:1006CC00B046034608B99D4ADCE79D4B9D4A01257F
:1006DC001A604FF480729A806FF06003079307AB37
:1006EC000A93042308AACDE90C230B930AAB0E93AF
:1006FC000CABCDE91035ADF818408DF81A400F95BC
:10070C00FFF738FF10AA0EA93068FFF719FFFFF7A3
:10071C0023FF9DF821309DF822209DF823108DF8A1
:10072C0018300393884BCDE904218DF819208DF8EE
:10073C001A10CDE901430322774920460094234641
:10074C0006F002F90322814906A807F063FA70B19A
:10075C0003227F4906A807F05DFA40B17D4B009457
:10076C00CDE901432A4623466B4920468FE70024F6
:10077C0020264FF0040B4FF0010A774B20460293D2
:10078C00CDE9004423460322634906F0DDF8734BA0
:10079C0003222046604910ADCDE901430CAF23463E
:1007AC000DF13809009406F0CFF8FFF71DFF0C96F9
:1007BC00CDF83CB00E97CDF84090CDF844A0FFF7A3
:1007CC00D9FE2946D8F80000FFF7AEFEFFF7C4FEAD
:1007DC00FFF7DEFE624B2046CDE901430094234631
:1007EC0003224D4906F0B0F85E4B20464A49CDE94C
:1007FC000143032223460396009406F0A5F8FFF765
:10080C00F3FE0223584A0C93CDE91226CDE90E5380
:10081C00CDE9107BFFF7AEFE4946D8F80000FFF794
:10082C0083FEFFF799FEFFF7B3FE504B2046CDE950
:10083C000143009423460322374906F085F83246DB
:10084C002146284607F0DEF90323DFF840B1324693
:10085C00FF210BF104008BF800308BF801408BF872
:10086C0002408BF8034007F0CDF92423404C099348
:10087C00CDE90A430DEB06032E46CDE90C3A0AAB43
:10088C00CDE90E3ACDF820B0FFF774FE4A46394652
:10089C00D8F80000FFF754FEFFF75EFE231D24344A
:1008AC00324618685968083303C2A3421646F7D17A
:1008BC002D493048FFF7FEFD29462F48FFF7FAFD7A
:1008CC0020222946284807F0A5F90346C0B92B4A2F
:1008DC001149CDE901020322009006F035F8284BAE
:1008EC000322029300230C49CDE90033184606F08D
:1008FC002BF80025234C2046294605F059F9FAE738
:10090C00214B0122029300230349CDE90033184601
:10091C00E3E700BFD08D0000E4890000058E0000E5
:10092C001A8E00002B8E000038040020147F00006B
:10093C00698E000050040020588000007F8E00005B
:10094C003C04002000127A00948E00007F8F00007F
:10095C00828F0000AD8E0000E18E0000F18E000051
:10096C000D8F0000168F0000858F00002B8F00006C
:10097C0010060020348F0000378F00003A8F0000E3
:10098C00618F00005A620200448F0000140700209F
:10099C002DE9F04F1F4691B002F004030193C2F30E
:1009AC00C20301330593830705460E460392DDF817
:1009BC0068B040F08F81041D002840F08E8101F05A
:1009CC0007063444C6F108064FF0000A4FF0FF3218
:1009DC00D1464FF004087B1ECDF808A0CDF810A02E
:1009EC0005B127600598002807DC88488742C0F0CD
:1009FC00AA808748874280F0A680039911F0020EE6
:100A0C0000F0C1804FF0010C601BBEF1000F00F034
:100A1C00A080B0F5007FC0F09C806FF0150058E00E
:100A2C0020385A2834D8DFE800F060333360333292
:100A3C0033333333706033606033606060606060A8
:100A4C006060606033333333333333443333334494
:100A5C00444433333333603333333333333333330B
:100A6C00333336333333333333333344333636441F
:100A7C00444460365E3360332E362E3333866D3607
:100A8C00333336336D0000204FF0000A0EE0013A8C
:100A9C004FF0000A29E013F8010C6C284DD113F823
:100AAC00020C6C284FF00000824649D04FF004082D
:100ABC002CE00CF1070B2BF0070B07340BF1080C97
:100ACC0024F0070465B106982044B04204D96FF0B5
:100ADC001B0011B0BDE8F08FDBE900ABC4E900AB43
:100AEC004FF0000A08344FF0080813F8010F0028E3
:100AFC0000F08280BAF1000F92D12528F5D14FF089
:100B0C00010A01324FF00408EFE70020013C444495
:100B1C00B4FBF8F408FB04F425B1A8EB050EA644CD
:100B2C00B645D4D800284AD0E34605985BF8047B38
:100B3C000138059054E75046A6E700208246E5E7C9
:100B4C004FF00808E2E703994FF0000C01F0020E99
:100B5C005AE7B9F10F0F3FF660AFF5B110A901EBF1
:100B6C00090EC0F387000EF8200C0EF8102CBCF107
:100B7C00000F0ED060F07F000EF8200C02980130B0
:100B8C00029009F10109C5F108000434DC46069015
:100B9C00ABE7049801300490F3E7BCF1000F01D0EF
:100BAC000136EEE7019802360028EAD13846CDE945
:100BBC000623FFF777FCDDE906230644E1E7B8F1ED
:100BCC00040F08D10CF1040115B1DCF80000206011
:100BDC0004348C4689E7B8F1080F7FF41EAF0CF192
:100BEC00070B2BF0070B0BF1080C1DB1DBE9000117
:100BFC00C4E90001083478E7631BB3F5806FBFF4D8
:100C0C000CAF3DB9A6F10804E01862E7687E00005D
:100C1C0070990000019A9B0828602B709DF8103089
:100C2C008AB16870EB70029BAB702BB1002208A9E3
:100C3C00C5F10100914509D14FF00008C5F1010A39
:100C4C000DF1300B35E06B70019BEBE711F8013BBC
:100C5C0013F0800F08D000EB040CB44503F07F03B5
:100C6C003FF635AF04F8013B0132E3E7029B23B1B9
:100C7C0008AB13F90830002B19DB019BEBB118F80A
:100C8C000B3004F8013B00230AEB04021A44B24275
:100C9C003FF61DAF08AA12F80820394604F8012BBC
:100CAC0020461A46039306F09FFF039B1C4408F151
:100CBC000108C145DAD1601B0BE708AB13F808300B
:100CCC00019A55F8237045F823203846FFF7EAFBC4
:100CDC00431CD9E76FF00D00FBE607293FF674AE15
:100CEC00F5E600BF014B1860704700BF9000002074
:100CFC002DE9F84FB0F81890044619F008080DD0FB
:100D0C0001290CBF49F0100949F02009A0F81890EE
:100D1C0082F31188BFF36F8FBDE8F88F09F00709D4
:100D2C00022907D1204605F0C3FE0028F0D0012887
:100D3C00238B4AD16769238B002F15DA2568C4E908
:100D4C00008823F0070343F0010323830026238B41
:100D5C0003F0070ACA4502D0A168002956D10DB983
:100D6C00002E6CD0002152E003F00701481F01282F
:100D7C001CD823F00703062925689BB2C4E9008818
:100D8C0002D15DB943F002032383204605F090FEA7
:100D9C000028DBD0238B43F02003D6E72946608B59
:100DAC000130608309680029F9D1EBE704290AD1E5
:100DBC0023F0070399B22183204605F079FE10B188
:100DCC0041F0200121830025C0E7032809D12169C6
:100DDC0023F007030E6843F00603002523832F46F8
:100DEC00B5E7042806D1216923F007034E6843F0C8
:100DFC000403F2E7052806D1216923F007038E6866
:100E0C0043F00503E9E700252E46E8E7012143F00E
:100E1C000803238382F31188BFF36F8FF1B97DBB75
:100E2C0016B120492046B047EFF31182202383F3FB
:100E3C001288BFF36F8F238B23F008032383238B3C
:100E4C00D90627D5012123F010032383B4F8189079
:100E5C0009F0070900297FF463AF59E7A16800295D
:100E6C00DDD0D1F80090D1F804B03B465246204674
:100E7C00D847B9F1000FD2D04946D9F80090F2E723
:100E8C00D5F8009029463B465246204605F02CFEEC
:100E9C004D46C4E713F020011EBF23F0200323832B
:100EAC000221D3E7216B00002DE9F84F824634482C
:100EBC00884605F0C9FE002853D000252846BDE819
:100ECC00F88F237B8BB12368DB680BB120469847E6
:100EDC00636883F8069023681B69002B39D163681B
:100EEC0004221968204605F0D0FE013610345C450A
:100EFC00E7D3BAF1000FE1D04FF00109002DDCD09F
:100F0C002E4695FAA5F4B4FA84F409FA04FA6FEAB9
:100F1C000A0A240107EB040B9BF80C3005EA0A05BE
:100F2C005BB13B591B692BBB3C44636804221968B9
:100F3C00584606EA0A0605F0A8FE002DE1D1B8F1E4
:100F4C00000F04D040F23910002104F031FE354678
:100F5C00D4E7204698470028C1D009FA06F31D4370
:100F6C00C3E7084C064605462746DFF81CB04FF091
:100F7C000109BCE7584698470028DED1D4E700BFEA
:100F8C005C040020FC8900000C8A0000014B53F823
:100F9C0020007047488A000008B530B1044B186037
:100FAC00084600F04FFA002008BD6FF01500FBE773
:100FBC009400002000230C4A10B513700B4A0C4906
:100FCC0013600C4A0C481360FFF7E6FF0B4B0C49FF
:100FDC0018468B4200D310BD1A1A5C6812110132EC
:100FEC0022711033F5E700BF1808002058040020C8
:100FFC0040420F0054040020516C0000FC8900009A
:10100C000C8A000070B50B4D297841B90120FFF70F
:10101C004BFF094C094EB44202D301232B7070BD17
:10102C0063685B791BB1236820469B689847103432
:10103C00F1E700BF18080020FC8900000C8A0000B2
:10104C0010B50446064805F0FFFD3CB1054BD3E84E
:10105C00EF2F013AC3E8E12F0029F8D110BD00BFF2
:10106C00580400205404002070B50A4B05461B6838
:10107C009847094C094EA860B44200D370BD636810
:10108C005B7923B1236829461B68204698471034A6
:10109C00F2E700BF94000020FC8900000C8A0000DD
:1010AC00044A054B9B1AB1EBD30F34BF52F83100F5
:1010BC000020704784890000FC8900002DE9F04F66
:1010CC0087B004AFBE6B83468846924699463C6B0C
:1010DC00EEB1FB6B10217B6000937A6B33460020E2
:1010EC00FFF756FCB0F5006F014611D340F2FF73C9
:1010FC000393184B0222029300231749CDE90033C6
:10110C00184605F0E5FD0C37BD46BDE8F08F3146BD
:10111C0000256FF307056BF3C5056AF3881561F3BA
:10112C00532564F31F5517340C4424F00704ADEB1E
:10113C00040D04AC3EB1FB6B7A6B009304F1100010
:10114C003346FFF725FC4B462A464146204605F020
:10115C00A5FDD8E7C38F0000A4890000406820B12A
:10116C00034BC01A40F3CF0070474FF0FF3070476D
:10117C00848900000EB403B503AB53F8042B01466D
:10118C000448019301F0C4F802B05DF804EB03B01D
:10119C00704700BF196D00002DE9F04F89B09DF824
:1011AC004C9004460F4605929846179EB9F1000FD5
:1011BC0000F0EE8006F00103069306F4807306F04F
:1011CC00020A06F0080B079305F05DFD20B10246FC
:1011DC0086492046FFF7CEFF0546BAF1000F09D02D
:1011EC0016F0440F40F0A9803A4681492046FFF79B
:1011FC00C1FF0544069B53B17E4B7F4953F8292010
:10120C007E4B2046002A08BF1A46FFF7B3FF079B08
:10121C00002B18BF4FF00008BBF1000F07D0784B24
:10122C00784953F829202046FFF7A4FF8346059BF5
:10123C002BB11A4674492046FFF79CFF8344B8F142
:10124C00000F05D0424671492046FFF793FF8344B7
:10125C006F485D44149B1BB122466E4905F0E0FBC0
:10126C00169B002B49D0DFF8D081169F102F28BF7A
:10127C001027F30606D4B00640F19280664920464A
:10128C00FFF778FF4FF0000A554500F38B804FF0C5
:10129C00000ADFF8A8B1574540F29480159B5946D7
:1012AC0013F80A202046FFF765FF0AF1010ABAF18C
:1012BC00100F7ED159492046FFF75CFF4FF0000B11
:1012CC00DFF87CA15F4540F28B80159B514613F8EB
:1012DC000B202046A2F120035F2B28BF2E22FFF704
:1012EC0049FF0BF1010BBBF1100F70D1159B3B4467
:1012FC001593169BDB1B1693B7D1B9F1000F0FD0CA
:10130C00F10704D53D4A3C492046FFF733FFF2066E
:10131C0006D4B3064CBF404941492046FFF72AFF8B
:10132C006268A168D2E90023206805F0E1FC002284
:10133C0063681A6009B0BDE8F08F3A4B1868002852
:10134C003FF457AF384B4FF47A711B684FF4616C14
:10135C00B7FBF3F7B7FBF0F300FB13774F43B3FB8B
:10136C00FCF2B7FBF0FA4FF03C0E0CFB123C00FB0E
:10137C001A77BCFBFEF34F43B7FBF0F70EFB13C120
:10138C00CDE901A7009120462849FFF7F3FE30E78D
:10139C001F48274B4D46B8F1010F18BF184659E7A7
:1013AC001F496CE741462046FFF7E4FE0AF1010AAB
:1013BC006AE71AF0070F7FF46EAF41462046FFF73D
:1013CC00D9FE68E71B492046FFF7D4FE6DE71BF0FA
:1013DC00070F7FF477AF41462046FFF7CBFE71E74E
:1013EC0041462046FFF7C6FE7BE700BF0090000099
:1013FC0004900000588A000033970000FB8F000017
:10140C006C8A0000299000002F900000339000009F
:10141C00196D00001D23000039900000459000005C
:10142C003890000060040020640400200D9000003F
:10143C00356D000041900000439000003B9000008F
:10144C004790000001230021074A10B5074C136098
:10145C00A04204D801B11360054B186010BD4008C0
:10146C005B000121F4E700BF6404002040420F0040
:10147C00600400202DE9F34143680DF107011C685D
:10148C001048656805F0ACFC30B99DF807100129CF
:10149C0002D10C4800F030F801232B7525682F6819
:1014AC00D5E90136D3E9004824B96B681C6002B059
:1014BC00BDE8F081214630464246B847241A06441E
:1014CC00F2E700BFA47F0000F8B50D460446064FB6
:1014DC004618B44201D12846F8BD14F8011BBB686C
:1014EC0001485B689847F4E7A47F0000014B036058
:1014FC0000207047B48A000070B5046A0D4694B39E
:10150C001D4A2379565CB34230D01C4A525C9A4235
:10151C002FD1A3689847002810DA022D0CD0032D88
:10152C000BD110F1860F07D0D4E8EF3F43F0020344
:10153C00C4E8E23F002AF6E7267170BD022D267141
:10154C000FD1D4E8EF3F23F00403C4E8E23F002AB4
:10155C00F7D1D4E8EF3F23F00203C4E8E23F002ABE
:10156C00F7D10020E9E76FF05700E6E76FF077005E
:10157C00E3E76FF08500E0E78890000084900000BE
:10158C0070B5064686B00D46002938D000248B680D
:10159C00012205934B68204604930B68234903935F
:1015AC00234BCDE900440293234605F04EFC6B69B6
:1015BC00012205932B691D490493EB682046039384
:1015CC001C4B0094CDE90143234605F03EFCEB692E
:1015DC0001220393184B1549CDE9014320462346BC
:1015EC00009405F032FCAB6901220393134B009479
:1015FC00CDE901430D492346204605F026FC012E7A
:10160C000DD1EFF30583103B03930D4B3246029340
:10161C0000230649CDE90033184605F016FC29468F
:10162C00304606B0BDE8704003F02EBDC489000002
:10163C00AB900000DA9000000991000018910000B6
:10164C004691000030BFFFF7FDBF00BF054B5A6944
:10165C009B689A421FBF044A536843F080535360FF
:10166C00704700BFE405002000ED00E01FB500242A
:10167C003E4B3F490293CDE90044234601222046CC
:10168C0005F0FEFB3B4B9B6A99016DD53A4B20460E
:10169C00CDE90143009423460122354905F0F0FBC6
:1016AC001E20344B9B6ADA010AD5344B012202937B
:1016BC0000232F491846CDE9003305F0E1FB1F202C
:1016CC002C4B9B6ADB020AD52D4B01220293002383
:1016DC0027491846CDE9003305F0D2FB0220254BF3
:1016EC009B6A1C030AD5274B012202930023204935
:1016FC001846CDE9003305F0C3FB21201D4B9B6A36
:10170C0059030AD5204B012202930023184918468D
:10171C00CDE9003305F0B4FB2220164B9B6A9A03EB
:10172C000AD51A4B01220293002311491846CDE920
:10173C00003305F0A5FB23200E4B9B6ADB030AD577
:10174C00134B01220293002309491846CDE90033BB
:10175C0005F096FB2420074A936A6FEA03436FEA6D
:10176C001343936204B010BD1D209AE7B992000098
:10177C00C489000000ED00E0D1920000E49200006A
:10178C00FE92000028930000469300006B9300002B
:10179C0085930000F0B50024444B85B002930746B6
:1017AC0023460E46CDE9004401224149204605F06E
:1017BC0067FB404B9B6ADB0455D53F4B2046CDE97C
:1017CC000143009423460122394905F059FB1720A7
:1017DC00384B9B6A1D050AD5384B01220293002316
:1017EC0033491846CDE9003305F04AFB1820314D3A
:1017FC00AB6A9C050FD50024314B01220293204685
:10180C002346CDE900442A4905F03AFBAB6BAA6AA2
:10181C0010042AD41920274B9B6A59050AD5294B49
:10182C0001220293002322491846CDE9003305F02A
:10183C0027FB1A201F4A936A13F4807327D0224B7C
:10184C000122029300231A491846CDE9003305F012
:10185C0017FB1B20174A936A43F47F4393620023C0
:10186C00337005B0F0BD1620B2E70393174B00940C
:10187C00CDE90143012223460D49204605F000FB2A
:10188C00002FC7D0AB6A23F40043AB62C2E7926A65
:10189C009204DFD50E4A1846CDE90132009301229D
:1018AC00034905F0EDFA1C20D4E700BF5991000064
:1018BC00C489000000ED00E06F91000080910000F1
:1018CC0093910000C1910000DC910000AC910000EC
:1018DC00F4910000F0B50024424B85B0029307460A
:1018EC0023460E46CDE9004401223F49204605F02F
:1018FC00C7FA3E4B9B6ADD0660D53D4B2046CDE9D1
:10190C000143009423460122374905F0B9FA11200E
:10191C00364B9B6A1C070AD5364B012202930023D7
:10192C0031491846CDE9003305F0AAFA12202F4DA3
:10193C00AB6A99070FD500242F4B01220293CDE9F6
:10194C00004423462849204605F09AFA6B6BAA6A94
:10195C00120635D41320254B9B6ADD070AD5274B7D
:10196C0001220293002320491846CDE9003305F0EB
:10197C0087FA14201D4B9B6A9C060AD5204B01222A
:10198C000293002318491846CDE9003305F078FA84
:10199C001520164B9A6AD10658BF9A6A9A6A920613
:1019AC0042BF5A6A22F400525A62104A936A43F0B8
:1019BC00FF0393620023337005B0F0BD1020A7E73E
:1019CC000393104B0094CDE90143012223460649B1
:1019DC00204605F055FA002FBCD0AB6A23F08003EB
:1019EC00AB62B7E723920000C489000000ED00E071
:1019FC0039920000809100006C9200009A920000D5
:101A0C00F4910000849200002DE9F0417E4B90B0DF
:101A1C00D3F804800026C8F3080486F31188BFF3BA
:101A2C006F8F02F07F43B3F17F4F0DD102F00C03A7
:101A3C00082B0BD1754B0096CDE90163012233467F
:101A4C007349304605F01CFA354604E012074EBFC8
:101A5C000D46054601260027E31E8DF81F70092B45
:101A6C0000F2B780DFE803F005ABAFA8B5B5B5B5AC
:101A7C00B5B3684B0097CDE901730023012264498B
:101A8C001846DFF8848105F0FBF98DF81F70D8F843
:101A9C002C4014F002040AD05F4BCDE901730023F3
:101AAC00009701225A49184605F0EAF932E0D8F8B5
:101ABC002C30002B2ADA594B0094CDE9014301223A
:101ACC0023465349204605F0DBF99DF81F30D3B966
:101ADC0008AA05F12007134628686968083503C36E
:101AEC00BD421A46F7D10F9B002E00F08780C3F33E
:101AFC00080222B96FEA53236FEA43230F9308A914
:101B0C002046FFF73DFD10B0BDE8F081D8F82C3031
:101B1C005B0001D40024D8E7414B0094CDE901438C
:101B2C00012223463A49204605F0AAF9D8F8143088
:101B3C00AA6943F48073C8F81430BFF34F8FBFF316
:101B4C006F8FD8F8143032F8022C23F48073C8F855
:101B5C001430BFF34F8FBFF36F8F4DF602739A4261
:101B6C000BD0D8F8283013F0FF0F14D001200DF152
:101B7C001F01FFF7AFFE0446A7E72B68204603932F
:101B8C00284B0094CDE9014301222346204905F05E
:101B9C0077F92C6899E7D8F8283013F47F4F05D0E3
:101BAC0001200DF11F01FFF7F5FDE4E7D8F828300F
:101BBC001B0C1B04002BADD0FFF758FDDBE70DF120
:101BCC001F010020D5E70DF11F010020EBE7164B9C
:101BDC0063E7164A18F4F87F154B18BF1346103CF0
:101BEC00CDE903340024134BCDE9004402930122C8
:101BFC0023460749204605F043F966E723F4FF73B3
:101C0C0023F001037AE700BF00ED00E0DE93000053
:101C1C00C489000009940000209400004194000045
:101C2C004F9400006E9400008A940000C59300004D
:101C3C00B0930000AE940000064B5A6942F01002BB
:101C4C005A615A6942F480625A615A6922F0080258
:101C5C005A61704700ED00E0EFF30880EFF3098163
:101C6C0001B57246FFF7D0FE01BD00BF0B4880F3F3
:101C7C00088801F027FE202080F3118808484FF4D3
:101C8C000061401880F30988EFF3148002210843A7
:101C9C0080F31488BFF36F8F00F0B0F83810002079
:101CAC0078110020084B9B6883420BD1EFF305831E
:101CBC0043B1064B5A6842F080525A605A6A22F479
:101CCC0000425A6203F0CEBFE405002000ED00E0B4
:101CDC0013498A684FF030001044EFF3098C80E808
:101CEC00F01F202080F31288BFF36F8F0D4F4FF041
:101CFC0000664A698A603E60506F0023536780F328
:101D0C00118802F1300090E8F01F8CF3098802F181
:101D1C00000004B505F0C8F8BDE8044070470000A9
:101D2C00E405002004ED00E01EF0040F0CBFEFF3FF
:101D3C000880EFF30980816911F8021C0229FFD099
:101D4C0001B5724605F091F801BD00BF03B2002B3E
:101D5C0008DB012200F01F0002FA00F0024A5B09C6
:101D6C0042F82300704700BF00E100E003B2002BF3
:101D7C000DDB012200F01F0002FA00F05B09044A9F
:101D8C00203342F82300BFF34F8FBFF36F8F7047A0
:101D9C0000E100E0054B420953F82220012300F03A
:101DAC001F0003FA00F01040704700BF00E100E094
:101DBC0003B2002B01F10101A8BF03F160434FEA0C
:101DCC004111B8BF054BC9B2ABBF03F5614300F07D
:101DDC000F0083F800131954704700BF14ED00E096
:101DEC00044B054A23F07F039360BFF34F8FBFF37F
:101DFC006F8F70470000000000ED00E008B5FFF7A2
:101E0C00EFFF0B4AD2F8883023F47003C2F8883005
:101E1C00EFF3148323F0040383F31488BFF36F8F61
:101E2C0003F010FA04F040F800F042F803F04AFA1C
:101E3C0000ED00E042F8203C009B0B4942F81C3CB2
:101E4C00019B21F0010142F8183C029B42F8081C4E
:101E5C0042F8143C4FF0807342F8043C0023203AC3
:101E6C0002654367704700BFA96A000070B50C4B50
:101E7C000E4698601546436E83F30B882C4686F30A
:101E8C0009880020034B984720460021002200239C
:101E9C00014C2047BD6E0000A96A000070BD00BF58
:101EAC00E40500201022014B1A61704700ED00E0A0
:101EBC000023202040F20F1210B5044CE11801331E
:101ECC00934281F80003F9D110BD00BF00E100E09E
:101EDC0008B5EFF30583064A103B02EBC30152F839
:101EEC00330049688847BDE80840FFF7AFBB00BF27
:101EFC007C8000001FB5094C094A23460121094882
:101F0C0000F016F900230393074B0121E41A01A8F2
:101F1C000193029400F016F904B010BD00F00220F9
:101F2C0000000020B48A00008802002010B50C7A52
:101F3C000B6823F01F0204F01F031A43CB686409DB
:101F4C0023F01F03044943EA440343F00103886070
:101F5C00CA600B6110BD00BF90ED00E01FB50D4BCA
:101F6C0004461B68C3F30723013B98420FD90A4B65
:101F7C000390029300230122CDE900330749184650
:101F8C0004F0C2FF6FF01504204604B010BDFFF73B
:101F9C00CDFFF9E790ED00E00B950000BC89000047
:101FAC002DE9F04F8846144606460027534D89B05C
:101FBC0047452DDAD6F80490B9F1000F49D0B9F1A4
:101FCC001F0F18D919F01F0F15D1D6F800A01AF051
:101FDC001F0F10D1504604F08EFF834609EB0A0008
:101FEC00013804F088FF834516D06FF0150BCDF83F
:101FFC000CB0434B01E0434B0397029300230122A7
:10200C00CDE900334049184604F07EFF6FF015040B
:10201C00204609B0BDE8F08F1BF1160FE7D05C45E8
:10202C00E5DDC5F808B0E968C5F808B02B6921F002
:10203C001F0143F01F0AD6E900321A44994202F1FB
:10204C00FF391BD1CA4507D131465FFA8BF004F03A
:10205C006BFF01370C36ABE73146C5F808B0EB68BF
:10206C0022F01F0203F01F031A43EA60E0B204F0EF
:10207C005BFF10F1160FC9D0441CEAE7013BCA45BF
:10208C00E0B223F01F03C5F808B006D12A69314627
:10209C0002F01F0213432B61E9E7296901F01F01CC
:1020AC000B432B61314604F03FFF10F1160FADD0FE
:1020BC00C5F808B0EA689DF818300AF1FF3A62F3E7
:1020CC0004038DF818302B699DF818205B0863F316
:1020DC0047128DF81820D6E900321344049323F0EC
:1020EC001F035344A3EB0903013023F01F0304A97E
:1020FC00C0B20793FFF732FFBBE700BF90ED00E0E3
:10210C00E8940000C5940000BC8900000522034B34
:10211C005A60BFF34F8FBFF36F8F704790ED00E0A5
:10212C00BFF35F8F0022014B5A60704790ED00E0C7
:10213C0010B5034C2278FFF733FF207010BD00BFA1
:10214C001A0800202DE9F74F254C8A4680460027B7
:10215C00A1464FF0140B234D57451ADAD8F804302A
:10216C000193002B36D0D8F800100846009104F0EB
:10217C00C2FEDDE9001306465818013804F0BBFE18
:10218C008642194A08D014235F436FF0150349F8AF
:10219C00073003B0BDE8F08F16F1160F2660F8D0AB
:1021AC001378B342F5DD0BFB0793AE60AE60E868C5
:1021BC00197B60F3040119732969187B490861F3D1
:1021CC0047101873EB6823F01F0363602B6923F02F
:1021DC001F0323610137143408F10C08BCE700BF5E
:1021EC008C04002090ED00E01A0800202DE9F0434B
:1021FC00424C434E22683768C2F30722974287B09D
:10220C0078D80025FFF78CFF3E4B2363AF4217D1E4
:10221C003D4D01A82F70FFF769F9002607464FF0D6
:10222C004109DFF8E880B74212D100212B782268EF
:10223C00C2F30722934259DBFFF768FF00203FE00F
:10224C007168284601EB0511FFF770FE0135DDE7DB
:10225C00DDF804C031010CEB0103DA6802EA080274
:10226C00B2F5001F15D0B2F5800F2CD0B2F5801F3F
:10227C003AD158685CF801209B68CDE90202212212
:10228C00013B20F01F010B4423F01F038DF810209D
:10229C000DE058685CF801209B6820F01F01013BA1
:1022AC00CDE902020B4423F01F038DF8109002A914
:1022BC0028780593FFF752FE002812DA6FF015000C
:1022CC0007B0BDE8F08358689B685CF80120013BBF
:1022DC0020F01F010B44CDE9020223F01F0306225C
:1022EC00D4E72B7801332B7001369CE7A360216176
:1022FC0001339CE74FF0FF30E2E700BF90ED00E0C8
:10230C00C08A0000AAFF44001A0800200000F0FF59
:10231C00F0B587B007460E461446002110226846D9
:10232C001D4605F06FFC02238DF80230054B2A4642
:10233C00214668460193CDE9047603F049FF07B0C6
:10234C00F0BD00BF6B6F000008B5024B1B689847CF
:10235C00002008BDA0040020034B044A18609378A9
:10236C0043F0020393707047A0040020A0000020EB
:10237C0008B50649064821F00701C1F1005202F5E3
:10238C003C3204F01CFB002008BD00BF7F1900206C
:10239C00A404002008B5244A244B1A6000F060F80D
:1023AC004FF47A60224AD2F82416C1F30803C1F321
:1023BC000941414383F480731E48883300FB0313A7
:1023CC004FF4FA205B00B3FBF0F100FB1133B3F5D3
:1023DC007A3F13464FF47A60174A28BF0131C2F88E
:1023EC000419D3F82016C1F30803C1F30941414382
:1023FC0042F6041083F4807303F2172300FB0313DB
:10240C004FF47A701B0AB3FBF0F100FB1133B3F5F8
:10241C00FA7F28BF01311346C2F81C170122C3F8FA
:10242C000026002008BD00BF0020A1078401002069
:10243C0000C0FF00102700800000125048B1054B6F
:10244C001A68054BB2FBF3F2044B504343F0010303
:10245C00184770478401002040420F00308A00006A
:10246C000122024BC3F80424704700BF002008E08F
:10247C00084B70B5C31A0D4607499B1004465943C7
:10248C004022064804F07FFD2B4601462046BDE85D
:10249C0070401847C0040020B76DDBB6F07E00001A
:1024AC0010B5EFF31184202383F31288BFF36F8FE1
:1024BC00074A136823F00201DB07116002D40120E4
:1024CC0005F01AF984F31188BFF36F8F10BD00BFAC
:1024DC001005002070B500220121044640F20510C1
:1024EC00FFF766FC0F4801F00DFB0F4B984215D11E
:1024FC0001F018FB26690D49304604F027FB002833
:10250C000BDB012535642469084904F11C0004F037
:10251C001DFB002801DB0020E56470BD6FF004009A
:10252C00FBE700BF0F7000000000AD0B008B00003C
:10253C000C23104A014603FB0023002030B4D3E9DE
:10254C000E529863EFF31180202484F31288BFF3AA
:10255C006F8F1C6C04F0C00444F002041C6480F304
:10256C001188BFF36F8F1DB12B4630BC0248184742
:10257C0030BC7047C0040020F07E000010B4EFF3B4
:10258C001180202282F31288BFF36F8F16490B68DB
:10259C0043F0020413F001030C6017D0134BD3F873
:1025AC000C3413F4803311D0EFF3118182F31288C1
:1025BC00BFF36F8F0E4A136C03F0C00343F002039A
:1025CC00136481F31188BFF36F8F012380F311889B
:1025DC00BFF36F8F1BB1002010BCFFF7A9BF012008
:1025EC0010BC01F0BBBA00BF1005002000E0105079
:1025FC00C00400201FB500220123CDE902236B4645
:10260C00084ACDF800D0CDF804D004F004FD002821
:10261C0005DB43F609520023684602F0C3FF05B000
:10262C005DF804FB097000001A4BF0B4C21A0D4699
:10263C009110194A4A43D2B2EFF31186202181F34B
:10264C001288BFF36F8F0C2404FB0234216C01F051
:10265C000707012F11D140212164002186F3118835
:10266C00BFF36F8F91B90C214A430C491344C3E952
:10267C000E150B4BF0BC9B58184701F0C0014029BC
:10268C0014BF4FF0FF316FF07701E7E72B46F0BC3A
:10269C00184700BFC0040020B76DDBB6EB6F00001D
:1026AC00E88A00002DE9F843012206463549D1E8B5
:1026BC00EF3FC1E8E02F0028F9D133B93249334854
:1026CC004B60CB608A6004F054FA731E012B2BD83C
:1026DC00012E06D12E4BD3F8503403F00303012BFB
:1026EC0022D005F0C5F918B92A4B1B78002B41D123
:1026FC00EFF31189202383F31288BFF36F8F01242A
:10270C00234D254FA846D5F84C24D5F84C34D2038C
:10271C000CD503F00303012B01D0012E06D12CB3F1
:10272C0089F31188BFF36F8FBDE8F883CCB14846AD
:10273C0004F0D2FBD5F8403413F0FF03E3D13A6830
:10274C00002AE0D03B603B6820210123134AC5F8E6
:10275C004034C2F8A01102F1E242A2F1F01213606F
:10276C00D1E70021202003F023FAE3E70423C8F883
:10277C000433D9E70422064B0446C3F808238146E8
:10278C00BEE700BF14050020B0040020DC040020CC
:10279C0000E010503008002008E1105000E100E08B
:1027AC0008B5074805F014F938B10648FFF7D4FD11
:1027BC000448FEF797FA002008BD6FF01200FBE703
:1027CC00A47F0000D52700000A2838B50446074D21
:1027DC0004D1AB680D215B6828469847AB68E1B221
:1027EC005B6802489847204638BD00BFA47F0000B4
:1027FC004309022B70B503D0012B16D0BBB170BDB1
:10280C000C4C236959680029F9D0012600F01F00EF
:10281C000D6886408A68324002D04B682046984743
:10282C00002DECD029462D68F4E7034CE9E7034C66
:10283C00E7E700BF387F0000147F00005C7F0000DA
:10284C0070B5446806462369E3B11034204601F0A4
:10285C0029FE0546B0B90146204601F0DFFD0E4BBE
:10286C00984215D12A460D49204601F0ABFD2A4667
:10287C000121DB20FFF79CFA2A46012140F20D10C2
:10288C00FFF796FA3046BDE87040054904F0BDBA32
:10289C006FF0040070BD00BF0000AD0BFD27000001
:1028AC001F7100002DE9F04340F206384668D0064F
:1028BC0048BF0325337B02EA080858BFC2F3401512
:1028CC0087B001F01F07B8F5807F144647EA43171D
:1028DC008DF803504AD00BD8B8F1020F1BD0B8F1C9
:1028EC00060F46D0B8F1000F15D06FF015003AE086
:1028FC00B8F5007F40D005D8B8F5837FF5D14FF0FF
:10290C00090808E040F20222904538D0B8F5407F23
:10291C00EBD14FF005080123220303FA01F131D565
:10292C0073685960306990BB07F01F027F09022F52
:10293C007AD83F4B84F4803153F82730C1F30041EF
:10294C0003EB8202D2F88030C4F3404423F470636A
:10295C0044EA410423F00F031C4344EA850444EA8F
:10296C000824C2F8804007B0BDE8F0834FF001089E
:10297C00D1E74FF00808CEE74FF00408CBE74FF053
:10298C000608C8E7630344BF73689960CAE710364A
:10299C000DF102023946304601F022FD14F4403F9D
:1029AC0081460CD13946304604F07CFF214B9945C9
:1029BC0014D19DF80210304601F082FD0EE0002586
:1029CC0001AB03AA39463046CDE90435CDE90155B2
:1029DC00039501F059FB174B984201D00020C2E738
:1029EC0014F4003315D09DF8033084F48034C4F310
:1029FC0000448DF80E3003AA2B46394630468DF82C
:102A0C000C808DF80D4001F03FFC0A4B9842CDD064
:102A1C00E4E7CDE9043303AA0DF10303394630464C
:102A2C00039301F031FBF0E7203250F82230FFDE47
:102A3C000C8B00000000AD0BF0B5406801F01F04DA
:102A4C00057B87B044EA45140569002D70D0B2F5BA
:102A5C00001F00F1100506D12146284604F024FF82
:102A6C00002007B0F0BD002701AEB2F5800F019732
:102A7C0077603AD1B3F1007F0CBF042305238DF8A6
:102A8C0004300023CDE90463039383680DF103063E
:102A9C0023FA01F111F001013CD1B2F1A07F39D13F
:102AAC00620904F01F03022A03F1200346D82549CA
:102ABC0051F8222052F82330DB072BD43246214622
:102ACC00284601F08DFC204B984219D0029603AA9F
:102ADC002146284601F0D8FA1C4B98422BD10122F2
:102AEC002146284601F000FDBAE7B3F1C06F05D0CE
:102AFC00B3F1007F0CBF02230123C0E70323BEE721
:102B0C003146284601F0E6FC104B9842DED06FF0BF
:102B1C000B00A6E732462146284601F061FC0B4B20
:102B2C009842D4D19DF80310284601F0C9FCCEE799
:102B3C006FF0850095E76FF0150092E751F82330A0
:102B4C00FFDE00BF0C8B00000400AD0B0000AD0BD2
:102B5C0030B587B0194C204604F03AFF0346E8B96B
:102B6C00226800900392164A1649CDE9010201220F
:102B7C0004F0D5FA6FF01205284607B030BD236873
:102B8C0001220393104B0595029300230492CDE987
:102B9C0000330C49184604F0C2FAEDE72269A1682B
:102BAC001368204623F0020313600B6800220121F6
:102BBC009847051EE3DB0025DEE700BF5C7F0000C5
:102BCC00989500009C890000AF950000036803F005
:102BDC001F025B09022B02609ABF024A52F82300C3
:102BEC0000207047608B00002DE9F04F924607469D
:102BFC0040F2FF18DFF85C9185B000EB81018F4249
:102C0C0001D100201AE03B68C3F3C322082AC3F3A6
:102C1C00080400F29A804E481B0E444508BF4FF042
:102C2C00FF34052B865C71D040D8022B6BD008D8B2
:102C3C00002B54D0012B62D06FF0850005B0BDE89D
:102C4C00F08F032B67D0042BF6D14FF0000BCAF892
:102C5C000046621C28D003A801250394FFF7B6FF99
:102C6C00039B05FA03F383603A6803A802F400435C
:102C7C00002B01921CBF4FF0010B00250394FFF7B2
:102C8C00A5FF039B019A00EB8300D0F88030C2F3C0
:102C9C004122360246EA8202154303EA09031D4328
:102CAC0045EA4B05C0F880500437A8E70C2B35D00B
:102CBC000CD8062B2FD00B2BBED1CAF8004606BB66
:102CCC0000250826601CEFD0AB46CDE7152B28D08D
:102CDC00382B29D0142BAFD1CAF8404518E0CAF8CC
:102CEC000446631CE0D04FF0010B03A80394FFF7DC
:102CFC006DFF039B5D460BFA03F34360B4E7CAF820
:102D0C000C460025DEE7CAF81046EAE7CAF8044686
:102D1C004FF0010B9DE7CAF80846F2E7CAF80446E3
:102D2C00CDE7CAF84445ECE703A80394FFF74EFF40
:102D3C00039B012500EB8300D0F8802022F0E042B9
:102D4C0042F08042C0F88020BCE76FF0150075E7B8
:102D5C00F2950000F0F0FCFF7FB50BAB05930393ED
:102D6C00054B012202930023CDE900331846FEF7F0
:102D7C00A5F907B05DF804FB32960000F0B5446885
:102D8C0087B0064604F0FBF9A06A002847D004F08F
:102D9C001FFE034670B9A26A224912680090039282
:102DAC00214ACDE901020122FFF7D6FF6FF0120094
:102DBC0007B0F0BDB4F82EC0A06A94F82C104CF4F7
:102DCC0000320123076903FA01F53B681CF0010F7F
:102DDC0014BF2B43AB43D0F808E03B60DEF8003067
:102DEC0098470028E4DBA06A94F82C4005698368B6
:102DFC0005A95B68984700280FD12B68059A5A40A3
:102E0C000123A3401A4214BF01200020011C18BF4B
:102E1C000121304604F02CFACAE7C9DBF6E701467B
:102E2C00F7E700BFD48900003296000030B4426846
:102E3C0053691468C4F82435D18B938B957E0B435E
:102E4C00118C0B43518C0B43517E127E29430A4348
:102E5C001343C4F86C3541680B68D3F8002242F474
:102E6C008022C3F800220822C3F800254A6A0121F7
:102E7C00C3F83C270022C3F840271965D3F830115A
:102E8C000029FBD0C3F80025014930BC03F0BDBFBD
:102E9C005B7400002DE9F74304468846466804F04D
:102EAC00E7FDA0B92B4B1B788BB14FF020096425A3
:102EBC0063681B68D3F8303103BB012004F01AFCA3
:102ECC00013DF5D10021202002F072FEEFE7202217
:102EDC00EFF311831F4682F31288BFF36F8F616883
:102EEC000968D1F83011B1B983F31188BFF36F8F32
:102EFC00EEE783F31188BFF36F8FE3E7EFF31183F2
:102F0C001F4689F31288BFF36F8F62681268D2F87C
:102F1C003021002AEDD0736A0DF1070183F800808F
:102F2C0063682046766A1D6803F05AFF9DF80720F7
:102F3C004AB90123C5F83C67C5F84037C5F83021BC
:102F4C00D5F830212B6587F31188BFF36F8F03B051
:102F5C00BDE8F083300800202DE9F0434468066991
:102F6C0087B007460021E06B04F00BFB051E14DB59
:102F7C00216C481C19D004F1440000F049FB10F1FD
:102F8C00130F05460DD12F4B029300230122CDE9DF
:102F9C0000332D49184604F016FB284607B0BDE84F
:102FAC00F083411D01D1294BEEE74FF00108636B13
:102FBC009847B468D6E9023203EBC2039C4209D3AA
:102FCC00304604F04BFB3846214907B0BDE8F043CE
:102FDC0003F01BBF206804F0FBFC034678B9227990
:102FEC001949049222686FF012051268009003923E
:102FFC00184ACDE90102012204F0E5FACDE7206878
:10300C002179E388D0F810C0DA07DCF8005054BFFF
:10301C0043F4B01383F4D01323F4801208FA01FEA6
:10302C00DB07D0F808904CBF4EEA050525EA0E05E3
:10303C00CCF80050D9F800309847051EADDB0834A9
:10304C00B8E700BF8E960000EC890000B99600002E
:10305C00F1750000D69600002DE9FF410469064683
:10306C00A26C236D3AB95BB91946304604F018FBD3
:10307C0004B0BDE8F081002B42D0934228BF134628
:10308C007768616C3D8FD4F84C809D4228BF1D46FB
:10309C0069B162B101F06043B3F1005F07D0082D54
:1030AC0028BF0825206E2A4604F09EFD216EE36C95
:1030BC005BB1226D4AB108F06042B2F1005F04D0FE
:1030CC00082D28BF0825D4F86480626CA565009192
:1030DC001AB1A26C002A18BF2A46CDE901281BB1EF
:1030EC00236D002B18BF2B460022694638460393EC
:1030FC0001F0AAFE034B9842BAD06FF00401B4E77A
:10310C001346BDE70000AD0B1FB50378002B6CD147
:10311C000C69A26D3AB96FF07301606D04B0BDE833
:10312C00104004F0BDBAE36C4BB1216D39B1C168EC
:10313C0029B1994203D0616E184604F055FDA36C79
:10314C0063B1A26D9A421ED9294B0122029300232E
:10315C002849CDE90033184604F035FA236D63B1E4
:10316C00A26D9A4228D9224B0122029300232149B5
:10317C00CDE90033184604F026FA606D04B0BDE8C2
:10318C001040FFF769BF9B1AA3647BB9636B04F112
:10319C00480208336363A36B04F13801013BA3635A
:1031AC0004F1340004F0FCF96064D7E7636C002B85
:1031BC00D4D013446364D1E79B1A23657BB9E36BCA
:1031CC0004F150020833E363236C04F14001013B2A
:1031DC00236404F13C0004F0E3F9E064CDE7E36C14
:1031EC00002BCAD01344E364C7E704B010BD00BF82
:1031FC0070960000EC8900002DE9F04F93B0059318
:10320C004368074606938B8888469D04924604695A
:10321C0038D44FF0FF324FF0FF3304F1100002F0BE
:10322C00C1F9C4F80480D7F804B0D7F81090DBF8D3
:10323C000830079399F85D3023B1D9F800309845E0
:10324C0000F0EE80B8F8045015F4006321D0BB4BAD
:10325C00012202930023BA49CDE90033184604F049
:10326C00B2F96FF08505236813B19B889B0405D4D4
:10327C000023636004F1100002F060F9284613B0DB
:10328C00BDE8F08FA369002BC3D163689942CAD003
:10329C00BFE715F001020DD03A6800930392A94ADA
:1032AC00A749CDE901321846012204F08CF96FF0E0
:1032BC001505D8E715F008030AD0A34B0092CDE909
:1032CC000123134601229E49184604F07CF9EEE7CF
:1032DC00C5F34512082A04D09C4ACDE9013200936B
:1032EC00F0E7D8F800E09A4A964501D8994AF4E7F5
:1032FC0008AE0BF10C0CBCE80F000FC6BCE80F00BD
:10330C000FC6079B9CE80300734528BF73469E4677
:10331C00914B86E803009E4562D8A3F57403A3F590
:10332C0010539E455ED8A3F5F403A3F590539E4528
:10333C005AD88A4B9E4559D8894B9E4558D8894BAB
:10334C009E4557D8884B9E4556D88849884B894A04
:10335C008E4598BF1346A8070D9305F004034DD571
:10336C00002B14BF032302238DF83830C5F3001350
:10337C008DF83930DBF80030D3F80036591C0FD0FB
:10338C00C5F3400503F01F027B495B09002D39D1C1
:10339C00022B00F2378151F82310012393408B60EC
:1033AC0099F85D302BB1584601F002FD002389F8E5
:1033BC005D303B46714A08A9584601F0C7FC704B7A
:1033CC00984228D06F4B0390029300230122CDE941
:1033DC0000335B49184604F0F6F86FF0040542E739
:1033EC00694BB8E7694BB6E7694BB4E7694BB2E791
:1033FC00694BB0E7694BAEE7694BACE7003318BFDC
:10340C000123B1E7022B00F2FF8051F823100123B6
:10341C0093404B60C4E70123C9F8008089F85D3004
:10342C00012384F85C30069B196C4A1C0FD003F105
:10343C00440000F01DF9743009D15A4B022202935A
:10344C0000233F49CDE90033184604F0BCF8BAF12B
:10345C00000F40F0AB805346C4F834A0A36304F1D2
:10346C00480204F1380104F1340004F099F8059B8A
:10347C006064002B40F0A380E363236404F15002EA
:10348C0004F1400104F13C0004F08AF80025E064EA
:10349C002A4601212046256304F0C0F83846FFF780
:1034AC00DBFD2A462B46A06B834240F09180002125
:1034BC000B46256CAB4240F092808A4238BF0A46DC
:1034CC0026464FF4FA5156F8203B51431A6847F6FA
:1034DC001220B1FBF2F140F2E7384FF00009C8318D
:1034EC00E0FB01894FF47A72002340464946FCF711
:1034FC00BFFF02460B46304602F054F80246002845
:10350C0074D0294B0122029300230D49CDE90033DD
:10351C00184604F058F800250698A56501F048FCFB
:10352C0084F85D506FF07301384604F0B9F83046FA
:10353C0002F060F86FF0730595E600BFFA96000094
:10354C00EC89000014970000369700005597000096
:10355C0047E8010084970000FF47E801FF083D00A1
:10356C007F841E003F420F001FA107008FD0030075
:10357C0090D0030048E80100DC8C000015310000FD
:10358C000000AD0BB59700000048E8010024F400E2
:10359C0000127A0000093D0080841E0040420F009A
:1035AC0020A10700DC97000006980000DAF8003034
:1035BC006363002B3FF452AFDAF804304EE7059BFF
:1035CC001B68E363002B3FF458AF059B5B6854E723
:1035DC00616B01EBC301496801330A4464E7E06B9A
:1035EC0000EBC30040680133014463E7256B15F120
:1035FC00740F90D0002D3FF436AE0146386904F0BC
:10360C000DF830E6AD60FFDE00235B60FBE700BF2A
:10361C000123F0B587B08DF80230022300248DF819
:10362C0004306B4403930F4601AB0DF1030104937B
:10363C0005460291059400F04DFF0C4B064698424E
:10364C000FD103AA3946284600F01EFDB0420BD01C
:10365C009DF80310284600F033FF6FF0040007B00C
:10366C00F0BD6FF01200FAE72046F8E70000AD0B52
:10367C002DE9F0410D46064604F018F900220746E4
:10368C002946304600F030FF6B09022B05F01F0471
:10369C002BD8184A52F8233003EB8404D4F880203A
:1036AC00154B134043F00C03C4F8803004F012F8AF
:1036BC0080463368DB597BB100273046294604F03D
:1036CC00F3F8D4F880200C4B3846134043F0040335
:1036DC00C4F88030BDE8F08103F0FCFFA0EB0800DB
:1036EC00C728E6D96FF07307E7E70023203453F8B7
:1036FC002430FFDE708D0000F0F0FCFFF8B51646AC
:10370C001F4603F0DEFFB94208BFB04213D30A4C88
:10371C00D4E9005C711B21F01F0367EB0C005B19F3
:10372C0040EB0C024909C4E90032BDE8F84041EA1B
:10373C00C06002F099BCF8BD9002002010B50022C8
:10374C000121E420FEF734FB174A0020D2F8183789
:10375C0023F44033C2F8183700F09AFF134B044699
:10376C00984208D11249012001F024F8A04205D05A
:10377C00104B984214D04FF0FF3010BD03F0A1FF56
:10378C0067220D4B20F01F00C3E900010B4BC3E96E
:10379C0000010B4B02201A60FEF784FF0020ECE7BF
:1037AC006FF00B00E9E700BF00200E500000AD0BDE
:1037BC00800100200200AD0B900200208802002046
:1037CC00AC05002008B503F07CFF054AD2E90032B5
:1037DC00C31A61EB02015B0943EAC16008BD00BF7B
:1037EC0090020020F7B5431C14BF20EAE0766FF07E
:1037FC00004603F066FF104BD3E90027841A61EBF7
:10380C000705202320462946C3FB0601002908BFD3
:10381C00402836BF20240B4600234FF0010128BF5F
:10382C0020F01F041219009147EB0303034801F029
:10383C0025F803B0F0BD00BF9002002078010020F5
:10384C00054B1868043B1B681C2B03D1431E5842C4
:10385C00584170470020704744C3FF0003689A0723
:10386C000CD50368DB070DD50922074BC3F80C25D3
:10387C000F22C3F8042501221A60FEE7034B0360F4
:10388C00EF3B0360704700BF00801050F000FA500F
:10389C0003689A070CD50368DB070DD50922074B83
:1038AC00C3F80C250F22C3F8042501221A60FEE789
:1038BC00034B0360EF3B0360704700BF0080105068
:1038CC00F000FA50012208B52F4B3048C3F80028FD
:1038DC00FFF7C4FF2E48FFF7C1FF2E48FFF7D8FFB4
:1038EC002D48FFF7D5FF2D48FFF7B8FF2C4AD2F82B
:1038FC008C3043F44063C2F88C300022D30003F5C3
:10390C007F0303F54043D3F8001401310AD0D3F8F8
:10391C00001439B1D3F800140132D3F80434402A1E
:10392C000B60EBD11F4B1A6852B3FFF789FF38B10C
:10393C001D4B1A681D4B9A429EBF1D4B1D4A1A60A7
:10394C00FFF77EFF10B11C4B1C4A1A60FFF778FF83
:10395C0038B134221A4B1A601A4A136823F4002324
:10396C0013600323184A0E49C2F81835D1F88C306D
:10397C0043F44063C1F88C300023C2F8A03508BD75
:10398C00C8221A60D1E700BF0000125000C50D50CC
:10399C0008C50D5010C50D5018C50D5000C70D5061
:1039AC0000ED00E04004125034C3FF00001D0A1863
:1039BC004006125040E0A91EACA7085078000A043B
:1039CC00240612503C06125000B0045070B501256C
:1039DC000268AAB1B2FA82F3C3F11F03DBB205FA93
:1039EC0003F422EA0404D0E8EF6F964204D1C0E855
:1039FC00EC4FBCF1000FF6D1EAD102480B7070BD50
:103A0C000148FCE70000AD0B0200AD0B10B50268DD
:103A1C00CA40D30710D401238B40026843EA020149
:103A2C00D0E8EF4F944204D1C0E8EC1FBCF1000F7A
:103A3C00F6D1F2D1014810BD0148FCE70000AD0BF6
:103A4C000400AD0BF7B5054660B3012828D104225C
:103A5C004FF480737121284802F1A042C0F808137A
:103A6C00012102F587121160002203F1A04303F536
:103A7C0087131A601B68214B1B681C2B03D18D42CA
:103A8C0004BF1F4B1D60002442F21076012D1A4F0B
:103A9C008DF8074008BF0DF1070445B1012D1CD06E
:103AAC0003B0F0BD14224FF484730421D3E7D7F88C
:103ABC004C34C3F30043DCB1D7F84C2402F00302BE
:103ACC002270002BECD09DF80730002BE8D10120A0
:103ADC0003F010FE013EE0D1E2E7D7F80C3403F41A
:103AEC008032C3F300431CB1B2FA82F25209E7E709
:103AFC00002BECD1D4E700BF00E0105040C3FF0016
:103B0C000CE01050044B1A7922B9012218601A717A
:103B1C000248704702487047B00500200000AD0B0A
:103B2C000C00AD0B08B50A4B1B6843B140F20510F5
:103B3C00FEF730F918B940F20510FEF707F900222C
:103B4C00044BC3F840240122034B1A7008BD00BF7C
:103B5C00B005002000E010502F08002010B510B167
:103B6C00012844D010BD2F4AD2F84C14D2F84C3452
:103B7C00C90324D503F00303012B04D01BB100208F
:103B8C00FFF760FF0023274A0420C2F840341023BB
:103B9C004FF48472002102F1A04202F587121160E9
:103BAC001468012403F1A04303F587131C601E4B1A
:103BBC001B68002B2FD01B4BC3F80403D2E7D2F8A1
:103BCC00483413F00103DED0D2F850349B07D6D41E
:103BDC00154B1B683BB9154B1A68002AFCD0002208
:103BEC001A601B68BEE70423C2F80433BAE700234B
:103BFC000F4A136012680F4A136012680E4A136062
:103C0C0012680E4A12681C2A04BF0D4A10604FF449
:103C1C0080727120BEE71368002BFCD01160136812
:103C2C00A0E700BF00E01050B005002008E11050E4
:103C3C0010E1105018E1105014E1105040C3FF0077
:103C4C0008E0105070B51F4C1F4DD4F80C331F4EAC
:103C5C0003B970BDB3FA83F30021C3F11F039A00BB
:103C6C0002F5807292B202F1A04202F58712116045
:103C7C0012680122D8B202FA03F3DBB2102BC4F89B
:103C8C00083311D0402B1AD0042B14D1D4F84C1477
:103C9C00D4F84C1489070ED1C4F84024C4F804336A
:103CAC003260D4F80C33D3E7094B597129602B6877
:103CBC002023C4F80433064B1B689847F1E7044BE8
:103CCC005971F8E700E0105014E1105010E010505A
:103CDC00B0050020036803F01F025B09022B026091
:103CEC009ABF024A52F82300002070477C8D0000D6
:103CFC00034A4309D35C00F01F001844C0B270475C
:103D0C004498000010B504460846FFF7F1FF36232F
:103D1C0003FB0400034B083033F81000C0F34010D1
:103D2C0010BD00BF8801002010B504460846FFF7FF
:103D3C00DFFF362303FB0400024B083033F810007E
:103D4C00400B10BD8801002070B504460846FFF7F3
:103D5C00CFFF36222379184902FB0303083331F8CD
:103D6C001320084612F4807F25D0C2F3432122F49D
:103D7C00F85220F813206C220026237902FB030250
:103D8C00103232F8025B15F4807F03D0C5F3432563
:103D9C00A94210D00136232EF3D16C2200255343B7
:103DAC0003EBC103C5502379BDE8704002FB03004F
:103DBC006030FFF72BBE70BD88010020F0B50023EA
:103DCC00074687B0124E134D019103AC16F8012B28
:103DDC0006A901EBD20111F8141C02F0070221FA1A
:103DEC0002F2D20705D40133032BEFD1002007B028
:103DFC00F0BD95E8070084E8070054F823100A6A20
:103E0C0047F823200A62002AEDD00120EFE700BF1B
:103E1C0054980000108A000010B504460846FFF7BD
:103E2C0067FF3622237902FB0300044B083033F87A
:103E3C00100080F00200C0F3400010BD880100208B
:103E4C002DE9F341054608460C46FFF751FF362293
:103E5C002B79204E02FB0303083336F81330074648
:103E6C00DB0734D5284603F0F8FC95F8048021468E
:103E7C004046FFF747FF58B14046FFF755FF2B6808
:103E8C0000B203EB80000023C0F81035C0F81035E9
:103E9C0021462846FFF758FF36232879019403FB67
:103EAC0000700023083026F8103001A8FFF712FF2D
:103EBC00019B00EB8300D0F88020074B134043F0AC
:103ECC000203C0F88030054802B0BDE8F081044818
:103EDC00FAE700BF88010020F0F0FCFF0000AD0BFA
:103EEC000400AD0B2DE9F04F0E46D0F81413B26D53
:103EFC00C9B287B041F40031824603F087FC8203DB
:103F0C0007462ED50023716E03A8CDE90333059324
:103F1C00FFF754FFDFF86891DFF868B10DF10C087A
:103F2C0019F8013B06EBD30292F8642003F0070367
:103F3C0022FA03F3DB076CD4504B08F104084B4511
:103F4C000BF1010BECD14FF400310022504603F081
:103F5C005DFC716E03A8FFF731FF0028DAD127F45E
:103F6C0000370124002F73D107B0BDE8F08F93FA0E
:103F7C00A3F3B3FA83F39BF80040019343EA441490
:103F8C002046FFF7B5FE083036F81010019B890863
:103F9C0001F00705EAB200920122D80818F800C017
:103FAC0003F0070302FA03F32CEA030308F80030CA
:103FBC0002A80294FFF78EFE029B11F0040F03F18E
:103FCC00200350F82330009AC3F3014326D0214636
:103FDC003046DDB203F0E9FB02A80294FFF77AFE4B
:103FEC00029B203350F82330C3F301439D4207D189
:103FFC000021204603F0CAFB2946204603F0C6FBED
:10400C0002A80294FFF766FE0122029B02FA03F358
:10401C000362D8F80030002BA9D18DE7022B0CBF1E
:10402C000321022120460192009303F0AFFB032DE4
:10403C00019A04D0009B022B06D1012AE0D1214623
:10404C00304603F0B2FBDBE7032BD9D1022AF5E7AC
:10405C0097FAA7F3B3FA83F304FA03F20AEB830398
:10406C00D3F8101527EA0207D3F81025C1F308116D
:10407C00C2F30142304603F098FB73E757980000F7
:10408C0054980000549800002DE9F043174685B071
:10409C00044608460D46FFF72BFED7F8009006465F
:1040AC00B9F1000F36D036222079744B02FB006236
:1040BC00083233F81220984612F0020F06D0FFF7A0
:1040CC0021FE18B16E4805B0BDE8F08300224B46C6
:1040DC008DF80E208DF80F20CDE900220DF10E0188
:1040EC000DF10F02284603F009FB3620227900FB64
:1040FC000262083238F8121021F0020128F812106E
:10410C00237900FB0363083338F8132042F00102D3
:10411C0028F813207B683BB34FF0360E21791878C2
:10412C000EFB0161D3F804C0544B083133F8112055
:10413C0012F0020F1DD0BCF1000FC3D14FF0360EA0
:10414C0021790EFB0161083133F811C02CF01C0CE5
:10415C0023F811C022790EFB0262083233F81210D8
:10416C0041EA800023F81200BB68002B46D1454879
:10417C00A9E722F4604222F0200223F81120BCF1BE
:10418C00000FDBD003289DD87A682168526892F81A
:10419C0000C00FFA8CF230B901EB8201C1F81005A6
:1041AC00C1F81005CAE792001144D1F8108528F027
:1041BC000308C1F8108521680A44D2F8101521F4BF
:1041CC00473121F47C71C2F8101541F6F071D2F828
:1041DC00108501EA051148EA004841EA0801C2F8D5
:1041EC00101522790EFB0262083233F8121041EAE4
:1041FC004C3C4CF0200C23F812C09FE72946D3E925
:10420C0000872046FFF7A0FDB8F1000FAFD06C235C
:10421C0020791A4D4343EA18EB58984504D153685A
:10422C009F4201D100210DE06C2303FB00500DF1E6
:10423C000F016030FFF7CAFB124B98427FF443AF7B
:10424C009DF80F104FF06C0C2379C8000CFB030386
:10425C0045F8038022790CFB02022A44576036226F
:10426C00237902FB0366083635F8163043EA4123FE
:10427C0043F4807325F8163079E700BF88010020DD
:10428C000400AD0B0000AD0B2DE9F043044685B0E6
:10429C0008460E4691461F46FFF72AFD0546B9F122
:1042AC00000F34D02046FFF7B7FD94F8048020B1FE
:1042BC004046FFF727FD002879D1362202FB08582B
:1042CC003C4B08F1080833F81820984612F01C0FE4
:1042DC0003D099F80130012B69D001238DF80F30F0
:1042EC00002309F10102CDE900930DF10F0109F151
:1042FC000203304603F002FA3622237902FB035301
:10430C00083338F8132042F0030228F813201FB9A1
:10431C00294805B0BDE8F08331462046FFF77CFD07
:10432C00002844D14FF0360C397823684FEA810EBF
:10433C007344C3F81005C3F8100523791D4A0CFB10
:10434C000353083332F8130020F4604020F02000AF
:10435C0022F813007B78002BDAD0B87827681B047E
:10436C007744D7F81085DFF858E003F4403308EAB7
:10437C000E0EC7F810E5D7F810E5000543EA0E035A
:10438C0041F6F07E0EEA061600F480103343034328
:10439C00C7F8103520790CFB0050083032F810307B
:1043AC0043EA413141F0200122F81010B0E70348F4
:1043BC00AFE700BF880100200000AD0B0400AD0B7F
:1043CC000FE0ECFF70B56C260479044D06FB045429
:1043DC00A160037906FB0353DA6070BD88010020ED
:1043EC0070B5047915462046FFF78CFC68B1084679
:1043FC00FFF77EFC362303FB0400054B083033F833
:10440C00103004485B0B2B7070BD0348FCE700BFF9
:10441C00880100200000AD0B0400AD0B2DE9F0412C
:10442C00804606796C201C4D00FB065797F86840B7
:10443C007CBB384621464622103003F0E3FB214674
:10444C0001248C46D8F80000BF6D8F4213D1002395
:10445C00C0F84431D0F84431C0F308300130FDF7D6
:10446C0075FC6C2303FB065501230C4885F868305A
:10447C002B66BDE8F081CBB29B0003F580729B08E4
:10448C0004FA03F39B0344BF40F802C08358013184
:10449C00DBE70348EDE700BF880100200000AD0B0F
:1044AC000C00AD0B6C210379044A01FB032393F838
:1044BC006800003018BF0120704700BF8801002041
:1044CC006C220079024B02FB00305C30FFF79EBA85
:1044DC00880100206C220079024B02FB00305C301A
:1044EC00FFF774BA88010020F7B503681746D3F8B4
:1044FC001423064692035CBF4FF40032C3F8142316
:10450C0004790D462046FFF7FDFBF0B13046FFF76E
:10451C0083FCD0B12046FFF707FC002403B29A00BD
:10452C00316802F58073CC50CB5833681344D3F800
:10453C00102542F00102C3F8102527B1012332687F
:10454C008340C2F8143303B0F0BD2846FFF7D0FB0C
:10455C00362303FB04000D4B083033F81030C3F343
:10456C008203042B0FD0052B04D10221284603F023
:10457C000DF9E8E701A80195FFF7ACFB019AC368B8
:10458C00D340DB07F1D50321F0E700BF8801002001
:10459C0001490248FFF7A6BC8801002000A00D507D
:1045AC0001490248FFF79EBCF401002000C01050E6
:1045BC00074B027AD3F8101521F001010A43C3F816
:1045CC0010250268C3F8A4264268C3F8AC267047CD
:1045DC0000200E5010B50024037A0D49CA181B0197
:1045EC0003F1A04303F5622392F85420C3F82C4541
:1045FC000C2303FB02130468DC6042681A61027A24
:10460C001A75012303FA02F28B6813438B6010BDF9
:10461C0000000020012303FA00F010F0670F0AD00D
:10462C00064B5B6820EA0300054B10F0670F05484A
:10463C0008BF184670470448704700BF00000020B0
:10464C000400AD0B0000AD0B0800AD0B2DE9F048DC
:10465C00EFF31181202383F31288BFF36F8F0026B1
:10466C00094F3446D7E900BC0CF0404554EA050329
:10467C00F7D1CCF31303C0E900B381F31188BFF376
:10468C006F8F0248BDE8F08840270E500000AD0B3C
:10469C00F0B53D4D85B02C78002C70D13B4A01AB68
:1046AC0007CA83E807003A491846D1F8102522F0CA
:1046BC000202C1F81025FFF77BFF07232246672172
:1046CC0001F001000244013BD2B24FEA5101F7D193
:1046DC00052A56D119464FF0010C2B4ECFB20024AF
:1046EC00672004E00CFA02F220EA0200013490FA8E
:1046FC00A0F25FFA84FE7745B2FA82F2F2D8013169
:10470C00327505292A4482F8547006F10C06E5D15D
:10471C00012100241F489A0801FA02F212F0670FD7
:10472C0018BF1C500433302BF5D1E420FDF70EFBE1
:10473C00174B1949D3F8102503F5C07322F0020268
:10474C00C3F8902340F6FF72C3F8A82100221A6028
:10475C00A3F5807004338B420260F8D101240C4B1A
:10476C000E481C660E4B1A680E4BB2FBF0F25D2025
:10477C002343504398470C482C7005B0F0BD0B48B0
:10478C00FBE70B48F9E700BF000000201C8A000083
:10479C0000200E5000210E50B0210E5040420F0050
:1047AC0084010020408A00000000AD0B0C00AD0B12
:1047BC000100AD0B73B52A4C054663680E4603F039
:1047CC00010304F1140101A80193FFF7FFF8254B35
:1047DC0098423DD100233370636823F0010363607A
:1047EC00A36843F00103A3601F4BD3F81025960771
:1047FC0032D4D3F8102542F00202C3F81025C5B10B
:10480C00D3F8482712F0010202BFD3F8481741F041
:10481C000101C3F84817144BD3F84017D3F84417C9
:10482C004C00F9D42AB9D3F8482722F00102C3F876
:10483C0048270E4B0E4A1B68B3FBF2F30A4A03EBF4
:10484C0043135BB1D2F84017D2F84417490001D496
:10485C0002B070BD013BF4E70648F9E70648F7E7FC
:10486C00000000200000AD0B00200E508401002041
:10487C0040420F000C00AD0B0700AD0B2DE9F041D1
:10488C000446007A1D469046FFF7C4FE1D4B9DF86A
:10489C0018709842064631D12046FFF79BFEEFF385
:1048AC001181202383F31288BFF36F8F227A164B6A
:1048BC009200134400221A60227AC5F313051201E8
:1048CC0002F1A04202F56222C2F82085C2F82455FA
:1048DC0081F31188BFF36F8F87B10123227A0B49C3
:1048EC0003FA02F2D1E8EF0F1043C1E8E50F002DF7
:1048FC00F8D1227A9340064AC2F824333046BDE8F8
:10490C00F08100BF0000AD0B00210E50880000208C
:10491C0000200E50F7B5284B284CD3F82C6304F12B
:10492C0088070EB903B0F0BD96FAA6F0B0FA80F085
:10493C0001232218224992F85450820011440C226F
:10494C008340DB4302FB0542D2681E407AB3D7E8B2
:10495C00EF2F02EA030CC7E8EECFBEF1000FF6D141
:10496C0022FA00F3DB0719D5020102F1A04202F58D
:10497C006222D2F82435D2F82025D1F800C0BCF13F
:10498C00000FCED04FF0000CC1F800C00C2101FB81
:10499C00054529690091E9688847C2E705F10C03D0
:1049AC0004EBC30C54F83320DCF80430E5E70B6857
:1049BC00002BB6D00A60B4E700200E500000002097
:1049CC0000210E5010B5154BD3F80443E1040AD561
:1049DC00D3F8302103F598732AB100221A601B68B2
:1049EC000F4B1B689847A20408D50E4B1A682AB1C6
:1049FC00002018601B680C4B1B68984763040BD590
:104A0C000A4B1A6842B100221A601B68064B01203F
:104A1C00BDE810401B68184710BD00BF00E01050E7
:104A2C00B805002034E11050BC05002038E11050CE
:104A3C00034B1868A0F11C0358425841704700BF43
:104A4C0040C3FF00036803F01F025B09022B0260E6
:104A5C009ABF024A52F8230000207047888D00004C
:104A6C00F0B5194B0568194F194E4C69BD4218BF6A
:104A7C003346B3FBF4F204FB12339A4220D9D3072A
:104A8C001ED47E2A1CD8BD420CBF04250225AA4286
:104A9C0016D3104B9C420AD0B44208D091F8213066
:104AAC0013B1CB68013302D1CB6901330AD0012297
:104ABC000379094812FA03F3084B08BF1846F0BDF6
:104ACC000748FCE70448FAE70020A10700A00450BF
:104ADC000024F4000048E8010000AD0B0300AD0B0E
:104AEC000400AD0B73B51446421C064619D00129BF
:104AFC001CD1C3B102F038FF0D4601A80196FFF797
:104B0C00A1FF019BA40000EB830044EA4504D0F80C
:104B1C0080300C43064919400C4344F4A064C0F89F
:104B2C00804002B070BD02F02BFFE5E70025E4E702
:104B3C00F0F0FCFF01232DE9F74F90F804A0064696
:104B4C0013FA0AF50C4600F0BE8091F82150002DA6
:104B5C0000F0B9801D4691F8229030686B4F6C4B79
:104B6C006C496269B8420CBF98468846B8FBF2F8AB
:104B7C00FFF75EFF684FB0B1B8F1020F40F2A680AC
:104B8C00237E13F0FD0F40F0A1804FEA5803013350
:104B9C00DBB2994538BF9946242303FB0A739A7FED
:104BAC0042F008029A77242101FB0A7294F8230040
:104BBC00937F60F3000393773379207C01FB0373BD
:104BCC009A7F60F341029A7794F823B0BBF1000FFF
:104BDC0023D1237E5A46012B94BF002301230121AC
:104BEC002068FFF77FFF5B465A4601216068FFF79C
:104BFC0079FF5B46A27E5946A068FFF773FF237CC2
:104C0C005A4683F001030121E068FFF76BFF012393
:104C1C005A461946E069FFF765FF2423002D5CD046
:104C2C0003FB0A7A4FF0FF33CAF8203094F812C015
:104C3C00227E94F819A0002D5CD0E068257C01211F
:104C4C00337994F824E011FA03F30CBF022394F89F
:104C5C00203001933368BEF1000F12D1D4E900B1BA
:104C6C00D4F808E0E469C3F800B6C3F80416C3F836
:104C7C0008E6C3F80C46C3F81006C3F8B855C3F8D9
:104C8C00B0951AF1000018BF0120022AC3F8C0C564
:104C9C00C3F82C8531D0032A32D0012A01D140F03F
:104CAC000200019AC3F85405C3F8AC2524233279C9
:104CBC005343FB583BB33068C0F3083003B0BDE836
:104CCC00F04FFDF743B84FF0020946E7242303FBEE
:104CDC000A739A7F6FF3C30264E703FB0A7AE268F4
:104CEC009AF81E30CAF82020227C62F341038AF81D
:104CFC001E309BE74FF0FF30A1E740F00400D0E7F7
:104D0C0040F00600CDE703B0BDE8F08F00A00450E2
:104D1C000020A1070024F400C0050020431C07B5A7
:104D2C000ED0019001A8FFF78DFE019B00EB8300D4
:104D3C00D0F88020044B134043F00203C0F88030BD
:104D4C0003B05DF804FB00BFF0F0FCFF2DE9F04769
:104D5C0024270479134D9A4607FB04573B7F804662
:104D6C000E469146DBB921B1FFF77AFE0E4B984205
:104D7C0013D1242161436B1845F80190C3F804A0AA
:104D8C001EB131464046FFF7D5FE242303FB0454E5
:104D9C0000236377012304482377BDE8F087034899
:104DAC00FBE700BFC00500200000AD0B0C00AD0BF5
:104DBC002DE9F041054604790068214EC0F3083016
:104DCC00FCF7D4FF24236343F35853B12B681D4ADB
:104DDC0004EBC401C3F8082306EB8101286802F038
:104DEC00DBFD242101FB04612B68D3F80006D3F80A
:104DFC000476D3F808868B7FDB0719D4FFF78EFF78
:104E0C004046FFF78BFF3846FFF788FF086AFFF72D
:104E1C0085FF01222B7912FA03F309D02B68D3F802
:104E2C000C06D3F81016FFF779FF0846FFF776FF4C
:104E3C00242303FB046400232377BDE8F08100BF27
:104E4C00C00500200700F81F24232DE9F043067944
:104E5C005C4D73439046EA180F46517F85B08146EE
:104E6C00002940F0AC80EB5823B118F0140F04BFAC
:104E7C0001235377242497E80F0004FB065404F114
:104E8C000C0C8CE80F00206A431C04D0A37F9C07F9
:104E9C0018D502F069FD3B6823B103F06043B3F110
:104EAC00005F06D1BB6883B103F06043B3F1005FD0
:104EBC000BD02421002301FB065543486B7705B02A
:104ECC00BDE8F08302F05CFDE5E718F0010318BFC4
:104EDC000123D9F80040E946C4F84C3718F0020316
:104EEC0018BF0123C4F8143797E80F00C4F83C0727
:104EFC0089E80F00C4F84017C4F804270022039B6C
:104F0C00C4F80837C4F80821D4F808310723C4F8CA
:104F1C000035FFF78DFD88B124237343E918897F91
:104F2C0008070BD58221C4F8841CEB5833B1C4F8A4
:104F3C000021D4F800310123C4F8043318F0080719
:104F4C0005D124237343EA58012323600AB3242395
:104F5C007343EA58E9184ABBFFF76AFD20B18B7F0F
:104F6C00190748BFC4F8842C242303FB0653186A82
:104F7C00421C04D09B7F9B0715D502F001FD37B96D
:104F8C0006EBC60605EB8601204602F005FD0F4830
:104F9C0095E7D4F80831002BFBD04A460421204673
:104FAC0002F0A2FCD3E702F0DFFCE8E7042318F0E0
:104FBC00040F14BFC4F80833C4F80433E7E70448FB
:104FCC007DE700BFC00500200A00AD0B0000AD0B53
:104FDC000B00AD0B10B5FFF72BFD1B4CA0B1A37F45
:104FEC00180711D5194BD3F80423D1070CD5D3F8D6
:104FFC0000214AB10022C3F80021D3F80011144952
:10500C000A600122C3F80823124A04210F4802F057
:10501C006BFCC0B1206A421C04D0A37F9B070FD548
:10502C0002F0AEFC637F1BB10749084802F0B4FCE8
:10503C00002309482372D4E90031BDE81040184719
:10504C0002F092FCEEE710BDC005002000A0045059
:10505C0084AC0450CC050020C80500201FB50446C4
:10506C00FBF7D0FF064B012202930023054918469B
:10507C00CDE9003302F0B7FC204602F0C4FC00BFBF
:10508C0057980000C48900002DE9F041064686B00F
:10509C000F46EFF31188202383F31288BFF36F8F31
:1050AC000024042898BF234A234B98BF52F8202091
:1050BC009D6888BF214A1B7C2149CDE90423214BE3
:1050CC0003900293CDE9004423460122204602F0CE
:1050DC008AFC6FB1FB69C3F308034BB11A4B009404
:1050EC00CDE90143012223461549204602F07BFC01
:1050FC002DB1284602F0C2FC08B1037803B913485D
:10510C00134BCDE903500293002301221846CDE93D
:10511C0000330B4902F067FC39463046FFF79EFF1F
:10512C0088F31188BFF36F8F284606B0BDE8F041B5
:10513C00FCF7B8BD948D0000E4050020B098000089
:10514C00C4890000C6980000EE980000BE980000CC
:10515C000F99000038B50A4B53F82040013053F832
:10516C002050A54200D838BD606830B1037FDB0702
:10517C0001D402F050FC0834F3E723689847FAE7AF
:10518C00A88D00000122F0B5294B87B00320294ED1
:10519C001A70FFF7DFFF00F0EBFF0420FFF7DAFFD8
:1051AC003746254DB54205F1300410D300F02CFCE8
:1051BC00214C224DBC4227D300F03AFCFBF72EFACF
:1051CC001F4A137B23F00103137307B0F0BD54F88F
:1051DC000C3C059354F8103C049354F8143C039382
:1051EC0054F8183C029354F81C3C019354F8203C9E
:1051FC00009354E90A2354E90C0100F035FA54F8F1
:10520C00303C5D652546CDE7D4E90A23591C08BF1F
:10521C00B2F1FF3F05D052EA0301206803D100F040
:10522C00F7FC3034C6E72946183000F087FEF8E763
:10523C0030080020F4880000F48800005D7B00003A
:10524C001803002008B50348034A0021121A02F083
:10525C00F9FB08BD8802002034080020002301223D
:10526C0070B586B0CDE904230F221425CDE90232A6
:10527C004FF4A07201930E4B0E4E05FB00350E49F8
:10528C0006EBC016044602FB001100950B4B304692
:10529C0000F0EAF9737B2C7423F004037373084B4E
:1052AC00013403EBC424EE606C6006B070BD00BF2B
:1052BC00E40500209802002038100020597A0000E4
:1052CC0078110020BFB50020FFF744FF2A4B03F5EF
:1052DC00006282F3088883F30A880024E023274DB8
:1052EC00274E85F82230EC772C766C76AC7685F8E8
:1052FC0020406B6A43F4E0236B6285F82340FCF793
:10530C009BFCFCF7CFFD4FF0FF33AB62EB62FCF77D
:10531C006DFFFCF7EFFDFBF74DFE1A4800F0D2F9DC
:10532C0002F055FB0120FFF715FF0220164DFFF789
:10533C0011FF00F0B3FB154B4FF400625D61144B91
:10534C00144905930123CDE90144CDE903430094AD
:10535C003346284600F088F907466B7B284623F035
:10536C0004036B7302F0C8FB2046FFF777FF32464D
:10537C0039462846FCF77AFD7811002000ED00E054
:10538C00915100009803002018030020E405002030
:10539C002A990000380800202DE9F34104461646EE
:1053AC001F46EFF31188202383F31288BFF36F8F0E
:1053BC00C368364A7BB9916891F90E100133E360EA
:1053CC0093682161A36088F31188BFF36F8F00206D
:1053DC0002B0BDE8F08180689168884201D12169F2
:1053EC00ECE756EA070306D188F31188BFF36F8FF9
:1053FC006FF00F00ECE791F90E1090F90E30994216
:10540C00A8BF194611F1800F08BF6FF07E018B42C7
:10541C0035DD00F05FFA0546CDE9006722464146CE
:10542C001B4800F035FA0028D2D0EFF31186202368
:10543C0083F31288BFF36F8FA068C0B12368216912
:10544C009C420AD04BB193F90E309942A8BF194631
:10545C006FF07E039942B8BF194690F90E3099420D
:10546C0003D000F037FA00B1012505F0010545B174
:10547C003146074800F0A2FA6FF00A00A8E70025B1
:10548C00CAE786F31188BFF36F8FF5E7E4050020B8
:10549C0031080020F8B583680646002B43D0254A16
:1054AC009268934242D1C368012B03D9013BC3607C
:1054BC000020F8BDEFF31187202383F31288BFF38C
:1054CC006F8F0169806890F90E30994201D000F01D
:1054DC0001FA3568AE4207D10020C6E9020087F315
:1054EC001188BFF36F8FE4E7002DF5D0D5E90032BA
:1054FC00002413605A606B7BC5E9004423F002035F
:10550C006B73AC6005F1180002F042FBB56095F9C5
:10551C000E3028463361AC6702F0EEFA3946064885
:10552C0000F04CFAC4E76FF01500C2E74FF0FF3003
:10553C00BFE700BFE40500203108002070B5EFF391
:10554C001186202383F31288BFF36F8F0468A04267
:10555C001AD0CCB1D4E90032002513605A60637BB9
:10556C00C4E9005523F002036373A56004F118002D
:10557C0002F00EFB2046A56702F0BEFA3146BDE8EC
:10558C007040074800F01ABAD0E902329A4218BFAC
:10559C000133836086F31188BFF36F8F70BD00BF3A
:1055AC003108002037B514461D46EFF31181202336
:1055BC0083F31288BFF36F8F836843B1013B836021
:1055CC0081F31188BFF36F8F002003B030BD54EA14
:1055DC00050306D181F31188BFF36F8F6FF00F00B5
:1055EC00F3E70246CDE90045014800F051F9ECE73C
:1055FC00310800202DE9F0410546EFF311872023F7
:10560C0083F31288BFF36F8F00236FF00A081E46D6
:10561C002C68A54216D0ACB1D4E9003213605A60A4
:10562C00637BC4E9006623F002036373A66004F194
:10563C00180002F0ADFAC4F87880204602F05CFA4B
:10564C000123E5E70022AA602BB13946BDE8F04101
:10565C00044800F0B3B987F31188BFF36F8FBDE82E
:10566C00F08100BF31080020F0B585B00E9E00F12E
:10567C00580506730426C0E91655002504464673E2
:10568C0007320D9E22F007028673C0E919128E189C
:10569C000C9A8560C573C0E90655C56602920B9AD3
:1056AC0001920A9A00923246FCF7C4FB044B6565E2
:1056BC009B6803B11B6F3046236705B0F0BD00BF7C
:1056CC00E405002040F2011383810023C0E9193363
:1056DC000367014B98607047E40500206FF00A01E6
:1056EC00084A93689967084958674B6843F0805398
:1056FC004B60002383F31188BFF36F8F9368986F0F
:10570C00704700BFE405002000ED00E038B5437B96
:10571C0001461C0604D503F07F03437302F0B0F975
:10572C000D4C224652F8185FA368954200D005B97B
:10573C00E5688B4209D05A7BD20606D1DA897F2ADA
:10574C0003D9AA690AB9636138BDAB4202D02846B5
:10575C0000F052FB6561F7E7E4050020591C08BF17
:10576C00B2F1FF3F03D00249183000F0E7BB70479D
:10577C005D7B000070B5437B1C0629D4D90627D16C
:10578C001D4C63F07F032246437352F8183F93423B
:10579C0024D01BB3E66990F90E5093F90E108D428C
:1057AC0017D0491B002914DD5968C0E90031086085
:1057BC005860A569954200D005B9E568A3685A7B85
:1057CC00D20611D1DA897F2A0ED9AA6962B963612E
:1057DC0070BDB34202D01B68002BDED1E369C0E977
:1057EC0000231860E061E4E7AB4202D0284600F0E9
:1057FC0003FB6561ECE700BFE405002070B5437B5B
:10580C0001461C0604D503F07F03437302F038F9FC
:10581C001E4C4B7B224663F07F034B7352F8183FB0
:10582C00934226D02BB3E66991F90E5093F90E00F2
:10583C00854219D0401B002816DD5868C1E900309C
:10584C0001605960A569A368954200D005B9E56867
:10585C008B4214D05A7BD20611D1DA897F2A0ED909
:10586C00AA6962B9636170BDB34202D01B68002B98
:10587C00DCD1E369C1E900231960E161E2E7AB42E5
:10588C0002D0284600F0B8FA6561ECE7E405002088
:10589C00F8B5DDE906670D4B0D4698680C490860B4
:1058AC00EFF31181202181F31288BFF36F8F9C6875
:1058BC001146204602F0F6F8204632463B46FFF7EA
:1058CC004DFF2846BDE8F840FFF708BFE40500206F
:1058DC0004060020F8B50446EFF31187202383F368
:1058EC001288BFF36F8F437B49B203F01F02002A6B
:1058FC000CBF012600263BD103F07F03437302F05B
:10590C00BFF82D4D437B2A4663F07F0381734373AD
:10591C0052F8183F934225D023B3D5F81CC093F905
:10592C000E00814219D0401A002816DD5968C4E9CE
:10593C0000310C605C60AC69944200D004B9EC6836
:10594C00AB689C4202D0204600F056FA6C6187F39B
:10595C001188BFF36F8F3046F8BD634502D01B68CA
:10596C00002BDCD1EB69C4E900231C60EC61E2E79D
:10597C009B071FD5856802F083F881732B689D42C5
:10598C0012D08BB193F90E20914208D0521A002AF2
:10599C0005DD5A68C4E9003214605C60D7E76A68B8
:1059AC00934201D01B68ECE76B68C4E900531C60A0
:1059BC006C60CCE78173CAE7E405002049B9EFF3CA
:1059CC00058030B9054B5A699B689A4201D0FFF7A4
:1059DC0085BE81F31188BFF36F8F7047E4050020FB
:1059EC00024648B9EFF3058333B9064B59699B68F6
:1059FC00994201D0FFF772BE82F31188BFF36F8F0B
:105A0C00704700BFE4050020EFF31181202383F3DE
:105A1C001288BFF36F8F054B9A68D37B013BD3730E
:105A2C0081F31188BFF36F8F704700BFE40500202E
:105A3C0070B5EFF31186202383F31288BFF36F8FB9
:105A4C00154CA368DA7B0132DA73224652F8185FE0
:105A5C00954200D005B9E5685A7BD20614D1DA8993
:105A6C007F2A11D9AA697AB9636186F31188BFF3C9
:105A7C006F8FEFF31180202383F31288BFF36F8FA6
:105A8C00BDE87040FFF7ACBFAB4202D0284600F037
:105A9C00B3F96561E9E700BFE4050020024B03F1AF
:105AAC001802C3E906227047E405002070B5EFF335
:105ABC001186202383F31288BFF36F8F1B4CA168D0
:105ACC00E3690A68994214BF1346002349680A60C7
:105ADC005160A268E0692BB9154BC2E90030026035
:105AEC00E2610DE092F90E5093F90E108D4219D02F
:105AFC00491B002916DD5968C2E900310A605A6059
:105B0C00A5690B4B9D4200D005B9E568A3689D4281
:105B1C0002D0284600F070F965613046BDE870404F
:105B2C00FFF7DCBD8342D7D01B68D4E7E405002027
:105B3C00FC0500202DE9F04106460F4656EA070306
:105B4C0003D1FFF7B3FF002029E0EFF311882023E6
:105B5C0083F31288BFF36F8F124D134BA868186034
:105B6C00FFF7D4FDA86832463B461049183000F0C8
:105B7C00E5F9AA680446537B404643F0040353738B
:105B8C00FFF7ACFDAB68D3E90A23B3F1004F08BFB4
:105B9C00002AD8D102F024F8201A20EAE070BDE8DF
:105BAC00F08100BFE4050020040600205D7B0000AE
:105BBC0038B50D460446FFF7BDFF013508BFB4F1FB
:105BCC00FF3F1BD047F6112200234FF47A71144685
:105BDC001D46C1FB0045AB4208BFA24220462946E8
:105BEC000FD243F60853094AAB4208BFA2420AD36C
:105BFC0047F612220023FAF73BFC38BD4FF0FF307A
:105C0C00FBE70020F9E76FF00040F6E7ED85FFFFBA
:105C1C0038B50446EFF31185202383F31288BFF3C4
:105C2C006F8F437B5B070FD5183001F0B1FF637B9F
:105C3C00204623F004036373FFF79CFD2946BDE85F
:105C4C0038400448FFF7BABE85F31188BFF36F8F55
:105C5C0038BD00BF31080020014B9868704700BF69
:105C6C00E40500202DE9F8430446077BEFF311858A
:105C7C00202383F31288BFF36F8F437B1E0705D558
:105C8C0085F31188BFF36F8FBDE8F88343F00802EA
:105C9C00110654D44273A36813B1204601F0F8FEE8
:105CAC0004F1180001F074FFA66D04F15808B0451A
:105CBC0011D04FF0000976B1304601F0E9FE06F143
:105CCC00180001F065FFC6F878903046FFF752FDDA
:105CDC00A66DB045EFD12E4EB3689C4237D04FF035
:105CEC000009D6F818802B4A904502D0B8F1000F65
:105CFC0001D1D6F80C80434502D0404600F07CF828
:105D0C00C6F81480B9F1000F02D02348FFF7DAFC73
:105D1C00B3689C4236D1EFF305839BBB227BD20741
:105D2C001DD42846FFF7DAFCFB07ADD5002383F31F
:105D3C001188BFF36F8F0423184602DFA4E703F02A
:105D4C007F0343F00803437301F09AFEA3E7EFF3DC
:105D5C00058919F1000918BF4FF00109C1E785F356
:105D6C001188BFF36F8F83F31188BFF36F8F0423F8
:105D7C00184602DFEFF31180202383F31288BFF360
:105D8C006F8FCFE785F31188BFF36F8FCCE700BF20
:105D9C00E4050020FC050020980300200122044BA0
:105DAC00C01A044BC0105843034B1A54704700BF21
:105DBC0018040020ABAAAAAA31080020C3897F2BA3
:105DCC0012D80A4B1B6863B1094B90F90E201B6863
:105DDC009A4209DB437BDB0606D1064BC31A18BF7C
:105DEC00012303F0010070470023FAE76002002052
:105DFC00080600209802002070B50E4B0E4C1D7C3E
:105E0C00064605EB450304EBC304204601F0C0FE37
:105E1C0000220A4B30465A55FFF7D0FF48B1084BC9
:105E2C002046BDE870401A680649013AD31700F0C5
:105E3C0085B870BDE405002018040020310800204E
:105E4C0060020020A95D000038B5EFF31185202316
:105E5C0083F31288BFF36F8F104B114A9C68106844
:105E6C00A04206D1FFF7C8FF85F31188BFF36F8FEF
:105E7C0038BD00211B7C11600A4AD35C002BF3D087
:105E8C002046FFF79BFF0028EED0637BDB0602D198
:105E9C002046FFF7B3FC2046E4E700BFE4050020F2
:105EAC000406002031080020074808B5074A0849B5
:105EBC00121A01F0C9FDBDE808400648064A074918
:105ECC00121A01F0C1BD00BF0000002088020020A2
:105EDC007099000000000020000000207099000064
:105EEC00024B1868984208BF0020704764020020DB
:105EFC00034B1B680BB9FDF765BC0020704700BF56
:105F0C000C06002030B570B10B4B5B6898420AD080
:105F1C00036843B1D3E90421D0E90445121945EBD8
:105F2C000101C3E90421D0E9003213605A60002357
:105F3C00C0E9003330BD00BF640200202DE9F74FEB
:105F4C001D46013308BFB2F1FF3F8246144600F0F4
:105F5C0082808160EFF311830193202383F31288F5
:105F6C00BFF36F8F002A75F100033C4A1FDBFFF76C
:105F7C00BFFF8346661C394A45F10007301847EBD2
:105F8C00EB71D2E90032C418CAE9040141EB0205F5
:105F9C000121FFF7A5FF324B9C46D3F804E000BB70
:105FAC00CAE900CECEF800A0CCF804A02EE06FF029
:105FBC000103D2E900125B1A4FF0FF3161EB0202D0
:105FCC00B3EB040862EB0509B8F1010F79F100039A
:105FDC00BCBF4FF001084FF000090021C0E9048953
:105FEC00D7E7D0E90489DAE90467464577EB09037A
:105FFC0027DAB8EB060269EB0703C0E90423436810
:10600C00CAE90003C3F800A0C0F804A0FFF768FFBA
:10601C0082450CD1134B1B684BB911B9FFF768FFC4
:10602C008346584601F098FD0021FDF7DBFB019BF0
:10603C0083F31188BFF36F8F2046294603B0BDE868
:10604C00F08FB6EB080267EB09037045CAE904232D
:10605C00A6D00068A3E700240025EDE7300400205B
:10606C00640200200C0600202DE9F347EFF31185A4
:10607C00202383F31288BFF36F8F2D4ADFF8B4907F
:10608C001060FFF72DFFCA4604469046D9E900017F
:10609C00D8F80020CDE900011046D1175CB1D4E945
:1060AC000467B24271EB07031EDAB6EB020C67EB26
:1060BC000106C4E904C60024009BC8F80040C218BD
:1060CC00019B204641EB0303CAE9002301F044FD88
:1060DC002146FDF787FB85F31188BFF36F8F02B064
:1060EC00BDE8F047FFF7B0BE0022DDE90001002358
:1060FC00801941EBE671C9E90001C4E9042320468B
:10610C00FFF700FF85F31188BFF36F8FA3689847E3
:10611C00EFF31185202383F31288BFF36F8FD8F828
:10612C0000309E1BC8F80060FFF7DAFE0446ADE7AE
:10613C000C060020300400202DE91848EFF31184E0
:10614C00202383F31288BFF36F8FFFF7D1FE074B29
:10615C00D3E9002312EB000B43EBE07C614658467D
:10616C0084F31188BFF36F8FBDE8188830040020CA
:10617C00014800F086BC00BF2F9900000CB430B56C
:10618C008BB004460D462022002102A801F03AFDF6
:10619C0002238DF80A300D4B002D0393069412DB6D
:1061AC0001D06B1E1C440FAA0E9902A807940192F1
:1061BC0000F00EF815B10022069B1A700BB0BDE86A
:1061CC00304002B070470024EDE700BF517E000064
:1061DC002DE9F04F837899B09C078146CDE90212E6
:1061EC00D0F804A016D50B46002607921D789DB159
:1061FC00252D15D00133019349462846D047002858
:10620C0006F1010680F28E8199F8023043F0040306
:10621C0089F802304FF0FF36304619B0BDE8F08FE8
:10622C005D789A1C252D0192E6D04FF0000B0A23C5
:10623C00D8465F465C461F2C22D8A5F12002102AB6
:10624C0020D8DFE802F0141F1F1A1F1F1F0B1F1F7F
:10625C001F121F171F1F090044F00104019A12F8A6
:10626C00015B0192002DE6D16BE044F0020444F096
:10627C000404F3E744F00804F0E744F01004EDE7FD
:10628C007F2C41D8A5F13002092A09D8600602D525
:10629C0003FB0828E2E703FB072744F02004DDE7B3
:1062AC002A2D12D1BBF1000FD8D1079A650602F145
:1062BC000401079102D5D2F80080CFE71768002FB0
:1062CC00EBDA7F4244F02804C8E72E2D04D1600697
:1062DC00A2D444F04004C1E7242D15D1BBF1000F2A
:1062EC0060D0039B14F0400514BF42463A4607A900
:1062FC000298079301F018FD079A0A23111D0791C4
:10630C00002DD8D11768A9E76C2D06D1220648BFFD
:10631C0044F4007444F08004A0E7682D06D1E50530
:10632C0048BF44F4007444F4807497E74C2D02D1B8
:10633C0044F4207492E76A2DFAD07A2D8ED0742D05
:10634C008CD0BBF1000F06D0039B5A4607A90298CC
:10635C00079301F0E9FCB8F1000F45F02003B8BF3A
:10636C0024F04004A3F16502BCBFA4B24FF00008B6
:10637C00022A01D9612B1AD14FF00708079BAE4DA9
:10638C00073323F007030833079324073CD505EBA9
:10639C000804A6EB050BA54205EB0B0636D1A7EBC3
:1063AC00080711E1D846BB464446474656E7632DDD
:1063BC0009D1079B4FF001081A1D07921B6808AD05
:1063CC008DF82030E1E7732D27D1079B1A1D07921A
:1063DC001D689A4B002D08BF1D4614F0400F14BFCA
:1063EC0041464FF0FF31284601F022FC8046CCE7B5
:1063FC0049462020D0470028FFF606AF013FB8459C
:10640C00A4EB0706F4D3C2E7F419F8E7494615F8EC
:10641C00010BD0470028BEDAF6E6642D01D0692DB9
:10642C0045D12006079B38D5A10531D5073323F07C
:10643C00070303F108020792D3E90001002871F168
:10644C00000304DA404261EB410144F4806424F01F
:10645C00100B50EA01031FFA8BFB04D1640602D522
:10646C00B8F1000F7DD00A2308AC224601F0ECFBFA
:10647C00021B1BF0400F76D02BF0010390459BB212
:10648C0079DD1DB92BF0110B1FFA8BF344466CE030
:10649C001A1D07921868C117D0E71A1D0792E2055A
:1064AC001868F8D5A3054CBF40B200B2F3E7752DC0
:1064BC0019D10A2324F01004A4B22106079A3DD561
:1064CC00A00536D5073222F0070202F10801079128
:1064DC00D2E9000150EA01023AD024F006041FFA76
:1064EC0084FB08ACC1E76F2D1ED0702D04D144F095
:1064FC00100410237825E0E7782B04D1C5F178033C
:10650C0043F01003D9E7622B11D049462520D04720
:10651C000028FFF679AE49462846D0470028FFF6FA
:10652C0073AE0236019B61E608230025C5E7022302
:10653C00C3E7111D079110680021CBE7111D0791CE
:10654C00E1051068F8D5A2054CBFC0B280B2F3E7E4
:10655C0024F0160B64061FFA8BFBC2D5B8F1000FA2
:10656C00BFD1424685E714465B4613F0100B2DD085
:10657C001DB9013402E01446F7E70234190707D4B9
:10658C00D90739D5A74239DDA7EB04083C4690441E
:10659C00BBF1000F3DD0494630200492D047002873
:1065AC00FFF632AE049A5DBB0136B044A8EB06038D
:1065BC009A4245DB904695190DF1200BA5EB080688
:1065CC00B8F1000F46D13F1B374454E040F206416E
:1065DC000B42D3D0CDE749462020CDE90432D04739
:1065EC000028FFF611AEDDE904320134A74206EBB8
:1065FC000401F0DC0E46CBE7361BF7E79046C7E705
:10660C004946284604920236D0470028049ACCDA30
:10661C00FAE540F206410B42C7D013F0020F14BF4B
:10662C002B20202013F4806F049206F101064946BA
:10663C0018BF2D20E8E700BF659900005E990000A7
:10664C00494630200492D047002806F10106049AEE
:10665C00ACDAD9E508F1FF3849461BF80800D047F9
:10666C000028ABDAD0E549462020D047002806F1B7
:10667C000106FFF6C9ADBB1B002BF4DC52E700BFD3
:10668C002DE9F04F099E04468946002B40F083808B
:10669C008A42154645D9B2FA82F24AB1C2F12007B4
:1066AC0001FA02F39540944020FA07F747EA0309F0
:1066BC004FEA154E230C1FFA85F8B9FBFEFC0EFBB6
:1066CC001C990CFB08F143EA094399420AD9EB18CF
:1066DC002CBF01200020994202D9002800F01D8116
:1066EC000CF1FF3C591AA3B2B1FBFEF00EFB1011DA
:1066FC0000FB08F843EA0144A04505D92C1902D245
:10670C00A04500F20E810138A4EB080440EA0C40CD
:10671C0000271EB1D4400023C6E900433946BDE82A
:10672C00F08F002A51D0B2FA82F2002A40F0AF80EA
:10673C00491B4FEA154E1FFA85F80127230CB1FBB4
:10674C00FEFC0EFB1C1108FB0CF043EA01439842C3
:10675C000AD9EB182CBF01210021984202D900293B
:10676C0000F0D7800CF1FF3C191AA3B2B1FBFEF07C
:10677C000EFB101108FB00F843EA0144A04505D9B3
:10678C002C1902D2A04500F2C1800138A4EB0804F8
:10679C0040EA0C40BDE78B4208D9002E74D000278C
:1067AC00C6E9000138463946BDE8F08FB3FA83F7E5
:1067BC0067B98B42C0F0A480824240F2A180384677
:1067CC00002EABD0C6E90049A8E7FFDEC7F12005D3
:1067DC00BB4002FA07FC01FA07F4EA4020FA05F87C
:1067EC00E94000FA07FE1A4348EA04044FEA12484B
:1067FC00200C1FFA82F9B1FBF8FA08FB1A110AFBFC
:10680C0009FB40EA01418B450AD951182CBF0123E1
:10681C0000238B4502D9002B00F088800AF1FF3A47
:10682C00A1EB0B01A4B2B1FBF8F008FB101100FBBB
:10683C0009F944EA0141894504D9511801D2894525
:10684C007BD8013840EA0A40A1EB0901A0FB0C8976
:10685C00494544464B4602D306D1C64504D20138BD
:10686C00B8EB0C0469EB0203002E5DD0BEEB040206
:10687C0061EB030101FA05F522FA07F3F940002751
:10688C001D43C6E9005149E73746304646E7C2F199
:10689C002000954001FA02F721FA00F34FEA154E59
:1068AC0024FA00F11FFA85F894403943B3FBFEF04B
:1068BC000F0C0EFB103300FB08FC47EA03439C450E
:1068CC0007D9EB182CBF012700279C4500D98FB3A3
:1068DC000138A3EB0C0389B2B3FBFEF70EFB1733A5
:1068EC0007FB08FC41EA03418C4504D9691801D225
:1068FC008C4525D8013FA1EB0C0147EA00471DE769
:10690C00841A61EB03030120994659E702382C44A1
:10691C003CE7ACF1020C2B4426E7ACF1020C2B4407
:10692C00E0E602382C44EFE63746F7E6AAF1020A15
:10693C00114475E702382B44CBE70238114481E748
:10694C00023F2944D7E700BF7FB50BAB05930393F8
:10695C000A9B02930023CDE900331846FAF7AEFBED
:10696C0007B05DF804FB00EBC10148884008704794
:10697C00F8B50E460346FFF7F6FFB0FA80F0C0F10B
:10698C001F0003EB800CDCF81050F200171DB4B2A2
:10699C00063255B9012101FA00F0D9680143D960DA
:1069AC00CCF81060DC539C52F8BDE9000431585A05
:1069BC00D85303EBC0009D52C4805C52F4E7043AF8
:1069CC00CB1D0A4423F0070322F00702D21AF0B4BD
:1069DC00D4080360B4FA84F00026C0F124008000CF
:1069EC00C51D9C60DE60E90803F11007184487425E
:1069FC0013D1480040F001005880641A25F00700BC
:106A0C001E801D1866006E80195298189C52012227
:106A1C004280F0BC1846FFF7ABBF47F8046BE6E7C3
:106A2C002DE9F04706460D46174698461BB34FF026
:106A3C00000A1C78D878A40004EB4004987893F8EA
:106A4C00019004441C44CA4509D308F10803D8F842
:106A5C00042039463046AC46BDE8F047604714F890
:106A6C00013B0AF1010A48F823402046F9F71AFDC8
:106A7C0001300444E7E76FF01500BDE8F087002013
:106A8C0070470FB407B504A951F8040B019100F03D
:106A9C00EBF803B05DF804EB04B07047044608B59E
:106AAC00084611461A46A047FFF7D6F8FBF7FAF846
:106ABC00038B13F0070305D10368002B0CBF0020D8
:106ACC0003207047022B05D1438B002B14BF0020F1
:106ADC0004207047012B05D10368002B0CBF00204C
:106AEC0005207047002070472DE9F0410D46074600
:106AFC001946281D90461E4600F094F8044638B1FD
:106B0C003346424629463846A446BDE8F041604724
:106B1C00BDE8F08110B4EFF31182202484F31288C5
:106B2C00BFF36F8F416110BC0121FAF7E1B810B5CA
:106B3C000C4640B139B1081D00F063F828B9A368C0
:106B4C0033F0030301D06FF0150010BD38B50C46BF
:106B5C00054658B151B10B6843B14B6833B11C2297
:106B6C00002101F04FF800202C6138BD6FF01500AA
:106B7C00FBE770B504460D46FFF7D9FF061E30DB68
:106B8C00EFF31181202383F31288BFF36F8F4FF63D
:106B9C00FF76638B208BB34200F007022ED0022AC3
:106BAC000ED1013363831646012381F31188BFF3A1
:106BBC006F8FB3B1002329462046FFF795FF10E0F5
:106BCC00830701D0062A0ED100232B60636893B98A
:106BDC00C4E90055164662B90A4620460221FAF766
:106BEC0087F8304670BD052A0CBF6FF085066FF034
:106BFC0004060023D9E71D606560EBE76FF00A0619
:106C0C00F7E760B1436803F00303012B03D0032BB8
:106C1C0005D103681BB100238360184670476FF0E1
:106C2C00150070474268034602F00302032A4FF036
:106C3C00000281600CBF006810465A6070477047B4
:106C4C000020704700F046BDD0E8EF3F5A1CC0E86A
:106C5C00E12F0029F8D118467047002108B50846E5
:106C6C00FAF722F9002008BD1FB50023CDE9020177
:106C7C00CDE900331A4619461846FAF71FFA05B043
:106C8C005DF804FB7047002070474368DA710122FD
:106C9C004368196043685A71FFF7F4BFF8B50F46A3
:106CAC001546044618B9BDE8F840FAF7C9B943B11E
:106CBC0000F11006C2F34A201946120D304400F0C0
:106CCC0093FFC4E900572046BDE8F840FAF7CCB969
:106CDC007FB50BAB059303930A9B0222029300230F
:106CEC00CDE900331846FAF7E9F907B05DF804FB73
:106CFC00F8B506460D4614461F4604B9F8BD2146A4
:106D0C0028463A46B047241A0544F6E707B5D1E9B8
:106D1C0000328DF80700526801210DF107009847E9
:106D2C00002003B05DF804FB0A2838B504460D4674
:106D3C0002D10D20FFF7EAFF29462046FFF7E6FFB8
:106D4C00002038BD2DE9F043064687B008460D8873
:106D5C0091F800900C468F689046FAF7FFF9011EE7
:106D6C00C5F38215C9F3C2091DDB4846FAF798F939
:106D7C000346224652F8101B6488C1F34A210029AD
:106D8C0002EB010008BF0022CDE9022000222409F9
:106D9C00CDE904480195009239463046FAF7FCF9E2
:106DAC0007B0BDE8F0830023E3E7436800201B68CD
:106DBC005B681961704743681B681A6852685360B6
:106DCC00704770B543680D461C6863681869FAF71C
:106DDC00DDF8294603460F222068BDE870401847AD
:106DEC00036A1BB11B7900200B7070476FF05700C2
:106DFC007047036A3BB1DB682BB11B6A1879B0FA98
:106E0C0080F0400970470120704770B5046A054650
:106E1C000E460CB1032323712846FFF7EAFF98B105
:106E2C0003212846B047002802DA10F1860F0BD157
:106E3C00012124B928463346BDE87040184721711A
:106E4C002846B0470023237170BD7FB50BAB05936B
:106E5C0003930A9B012202930023CDE900331846C9
:106E6C00FAF72CF907B05DF804FB01460068FAF755
:106E7C0087BB08B5FAF7E6FBBDE80840FAF7E6BBB6
:106E8C007FB50BAB059303930A9B0122029300235E
:106E9C00CDE900331846FAF711F907B05DF804FB99
:106EAC0000210120FAF76CBB436E83F30B8870470B
:106EBC0061B662B680F31188BFF36F8F704772B6FC
:106ECC00002383F31188BFF36F8FBFF34F8F30BF55
:106EDC0062B6BFF36F8F704772B6002383F31188CD
:106EEC00BFF36F8FBFF34F8F20BF80F31188BFF3B9
:106EFC006F8F62B6704740E800F313F4803FD8B24E
:106F0C0008BF6FF0150070477FB50BAB059303936B
:106F1C000A9B012202930023CDE900331846FAF7AD
:106F2C00CDF807B05DF804FB30B585B00C684B6844
:106F3C009DF808200D890094498924F01F04013B19
:106F4C0065F30402234461F3471223F01F036946DF
:106F5C008DF808200393FBF701F805B030BD08B598
:106F6C00D1E904319847002008BD08B5FBF7ECF9CE
:106F7C00002008BD0C230269C9B201FB0323186C65
:106F8C0000F00700704770B5C9B20569EFF31186C0
:106F9C00202383F31288BFF36F8F0C2303FB015460
:106FAC00246C14F0C00401D0A24212D1012203FBC4
:106FBC0001531A64002386F31188BFF36F8F33B922
:106FCC000C22436802FB01314B689847002318469A
:106FDC0070BD4FF0FF33EEE78022FFF7D4BF10B443
:106FEC0003691C20CCB204FB0030002110BC1047FC
:106FFC000020FCF7B3BD002000F07EBB1046FEF76E
:10700C009DBA022804D0042804D10020FBF790BAC2
:10701C000120FBE77047F8B5CFB20469EFF311819B
:10702C00202585F31288BFF36F8F0C2606FB0746CD
:10703C00356C05F0070CBCF1010F11D180253564BE
:10704C00002581F31188BFF36F8F3DB90C21794373
:10705C000C44C4E90E2343685B5898472846F8BD96
:10706C0005F0C005802D14BF4FF0FF356FF077058C
:10707C00E7E7436800205B68DB680B607047436898
:10708C0002EA01005B6821EA020258609A60002063
:10709C007047436800205B68596070474368002064
:1070AC005B689960704743685A68136821EA03006B
:1070BC000B40506093600020704730B503695868EE
:1070CC0010B3002481421BD108685CB99C685860DD
:1070DC00A14200D19860002008604AB9002030BD60
:1070EC002846EFE720609868814208BF9C60F2E771
:1070FC005A680A60986859600028EFD19960EEE7E9
:10710C0005680446002DEBD1002AF1D16FF0150073
:10711C00E5E701298CBF6FF08500002070477FB533
:10712C000BAB059303930A9B012202930023CDE939
:10713C0000331846F9F7C2FF07B05DF804FB30B511
:10714C0043681360057A4468136804EBC504A342D2
:10715C0002D36FF0010030BD5C798C4201D0083352
:10716C00EFE70020F7E748B11F302CBF01210021C9
:10717C00400940EAC1604909FEF71ABD704710B5D5
:10718C000469204600F06DFC0023636110BDF8B566
:10719C00876806467C689CB1436893F82630DB0709
:1071AC001DD405694FF0FF334FF0FF322846FEF730
:1071BC00F3F86B69002B05DC00242846FEF76AF90E
:1071CC002046F8BD013B6B61002BF5D17B68304646
:1071DC009847041EBEBF6B6901336B61EDE7002459
:1071EC00EEE7F0B4D0E901431B693BB167688F420D
:1071FC0008DB2468944205DCF0BC18476FF057009C
:10720C00F0BC70476FF01500FAE7F0B4D0E9014319
:10721C001B6A3BB127698F4208DBE468944205DCAA
:10722C00F0BC18476FF05700F0BC70476FF01500BA
:10723C00FAE7F0B4D0E901639A6A04460F46A2B1AA
:10724C0096F824504DB9F0BC1047316AC95C013333
:10725C00B94203D139462046F5E70023D9B28D4215
:10726C00F3D86FF08500F0BC70476FF05700FAE769
:10727C002DE9F3410F46D0E9015895F82510044645
:10728C00FF2906690ED195F82610C1F38101022958
:10729C0013D0A36800311B6B18BF01214BB96FF0E1
:1072AC00570003E0FFF7C5FF0028ECDA02B0BDE899
:1072BC00F081204698470028F8DBAA68B2F1004F0D
:1072CC0005D011462046FFF78CFF0028EEDB6A69DB
:1072DC00B2F1004F05D011462046FFF796FF00286B
:1072EC00E4DB2B68B3F1004F13D0A3685B69002B70
:1072FC00D5D001A9204698470028D7DB2A68019BE6
:10730C009A421EDD11462046FFF76BFF002805DA76
:10731C00CCE76FF000436A689A42E6D1AFB995F8B2
:10732C0026309B0718D0D8F8003020469847002804
:10733C00BCDBA869FFF717FF73693846013373612B
:10734C00B4E76A689342E9DDDCE773690133736182
:10735C0095F82630DA0601D40020A7E72046FFF77F
:10736C0016FFA3E7012310B403FA01F11AB18368E5
:10737C00DB6810BC184783681B69FAE708B54368DB
:10738C00986A70B193F82C10012302698B40126833
:10739C0013420CBF01220022FFF7E4FF00EAE07069
:1073AC0008BD6FF08500FBE74368186810F10040DA
:1073BC0018BF0120704739B943681B68B3F1004FFF
:1073CC0002D01360084670476FF015007047436891
:1073DC00986A58B193F82C10012302698B401268FB
:1073EC00134214BF01220022FFF7BCBF6FF08500CF
:1073FC00704743681B68D3F83031704743681B688B
:10740C00D3F88004C3F88004704742681368D3F83B
:10741C004C0150B10020926A12780A70C3F84C01EA
:10742C00D3F84C2101229A6270474FF0FF3070471D
:10743C0013B501AA0446FFF782FE002805DB019B69
:10744C00226819791868FBF7CFFB02B010BD01292F
:10745C00F8B505460C4617D143680021D868FFF7EC
:10746C00E7FF08216A681368C3F80015107A002832
:10747C003AD1926AC3F80427C3F80847C3F84C0101
:10748C00D3F84C219C62F8BD81BB46683468D4F8B3
:10749C005031B3B10123E362D4F82431002BFBD07B
:1074AC000023C4F85031D4F85021C4F82431D4F856
:1074BC002421C4F84C31D4F84C21C4F81431D4F83C
:1074CC0014316B684FF47A751F68D7F8303123B9D3
:1074DC00012000F00FF9013DF7D10025C4F800554B
:1074EC000121F068FFF7A4FF0020CCE76FF08500C6
:1074FC00C9E710B5044600220121C620FAF758FC52
:10750C00C620FAF723FC2046BDE81040FBF78EBCE2
:10751C0010B5044600220121C720FAF749FCC72008
:10752C00FAF714FC2046BDE81040FBF77FBC03467D
:10753C000A4619790123006803FA01F103691B68F3
:10754C00194218BF82F0010212B18368DB68184738
:10755C0083681B69FBE707B50DF10701FFF740FCDA
:10756C009DF8073003F0FD03012B14BF6FF00F00E3
:10757C00002003B05DF804FB002201214A20FAF739
:10758C0017BC13B501AA0446FFF7D9FD002805DB8B
:10759C00019B226819791868FBF726FB02B010BD15
:1075AC0010B50B6813B91360184605E003685C68E6
:1075BC001CB114600368186810BD083303600B68B5
:1075CC00013B0B60EDE77FB50BAB059303930A9B77
:1075DC0002930023CDE900331846F9F76FFD07B08D
:1075EC005DF804FB012970B50C4606D100214368F7
:1075FC00D86BFFF7C6FF002070BD61B906694568FE
:10760C0096F85D3023B12846FDF7D2FB86F85D4035
:10761C000121E86BEDE76FF08500EDE710B504464E
:10762C000068D0B18368C3B149B101210830FFF7BC
:10763C007EFF23681869BDE8104000F0C4B912B988
:10764C008388DB0409D4006900F0BDF920680021AF
:10765C00BDE810400830FFF76ABF10BD10B501221D
:10766C0000210446FFF7DAFFA36933B9636004F124
:10767C001000BDE81040FDF761BF10BD10B50069EA
:10768C0003688B4206D190F85C4034B9FFF7E6FFF3
:10769C00204610BD6FF01500FBE76FF00F00F8E708
:1076AC0038B504690546216304F12000FDF746FF57
:1076BC00002284F85C2028691146BDE83840FFF7A9
:1076CC00ADBF07B56846FCF7C1FFDDE9000103B0AB
:1076DC005DF804FB10B5EFF31184202383F31288BB
:1076EC00BFF36F8FFFF7EDFF84F31188BFF36F8F3C
:1076FC0010BD004700F067B9FCF7A4B9F7B5174601
:10770C00DDE90846019001A81D46FCF7E3FA019B50
:10771C00002F00EB830014BF02230023002918BFA5
:10772C0043F00103002D14BF4FF00C0C4FF0000C74
:10773C00002C43EA0C0314BF4FF4706C4FF0000C98
:10774C00002E43EA0C0314BF4FF4403C4FF0000CE6
:10775C00D0F8802043EA0C0322EA030301B1097834
:10776C000FB13F787F0019430DB12D78AD0041EA80
:10777C0007020CB121780C0215430EB13678360491
:10778C002C433443C0F8804003B0F0BD1FB50DF15D
:10779C000F03019300238DF80F1000931A4619461E
:1077AC00FFF7ACFF05B05DF804FB70B50446084666
:1077BC0016460D46FCF79CFA083034F81030DA0502
:1077CC0009D5C3F3432304EBC302526854F8333096
:1077DC00314628469847A3682BB1E26831462846C3
:1077EC00BDE87040184770BD38B504792046FCF7E9
:1077FC0089FA40B12046FCF797FA00B2800000F5F8
:10780C00807080B238BD4FF4A270FBE7F0B504462F
:10781C00002001270546844695420AD1D4F844310C
:10782C0033B10023C4F84431D4F8443140F400306F
:10783C00F0BDEBB29B0003F580769B0807FA03F3CF
:10784C00194208D054F806E0BEF1000F03D044F8FA
:10785C0006C0A65918430135DEE770B50679044613
:10786C0030460D46FCF74EFAB0B12046FCF7D4FA80
:10787C0090B13046FCF758FA012322688340C2F8D5
:10788C00183303B2206800EB8300D0F8103523F0D6
:10789C000303C0F8103570BD2846BDE870400021C8
:1078AC00FFF774BFFCF7CCBAFFF7D7BFFFF79CBF4D
:1078BC0008B5FDF787F8BDE80840FCF7C3B930B54B
:1078CC000125A2F58074A40805FA04F4214009D01E
:1078DC00815839B100218150825828461A681443C6
:1078EC001C6030BD0846FCE700232DE9F34104463B
:1078FC000D460193904601AB4FF48072FFF7DFFF0A
:10790C0001AB4FF4827229462046FFF7D8FF01AB3A
:10791C0007464FF4847229462046FFF7D0FF0646EF
:10792C0030B1B8F1000F1DD017B13E46D4F80C376A
:10793C0001AB4FF4A67229462046FFF7C0FF30B1C9
:10794C00B8F1000F03D016B90FB1D4F80C3701AB56
:10795C004FF4B47229462046FFF7B1FF019802B0EC
:10796C00BDE8F0814646E3E707B5019001A8FDF7B5
:10797C0069F80123019A9340436003B05DF804FB5E
:10798C0007B5019001A8FDF75DF80123019A93401A
:10799C00836003B05DF804FB012370B504460E460A
:1079AC0064254360002202212046FFF79DFF20B989
:1079BC000120FFF79FFE013DF4D100237377C4F83B
:1079CC00003570BD704708B1FAF738BD7047704785
:1079DC0040B1C368587810F001001EBF1878B0FA97
:1079EC0080F0400970477FB50BAB059303930A9B5E
:1079FC00012202930023CDE900331846F9F75EFB10
:107A0C0007B05DF804FBEFF31183202383F3128896
:107A1C00BFF36F8FFEE710B54369044633B90020FE
:107A2C00E268537843F00103537010BD9847002867
:107A3C00F5D00028B8BF4042FF28A8BFFF20E3685C
:107A4C001870EDE700F0DEB800F0CEB8202408B5D1
:107A5C00EFF3118384F31288BFF36F8FFFF72FFAC4
:107A6C00F6E703460020C3E90033C3E90200704780
:107A7C00EFF30580003018BF0120704700207047DD
:107A8C00D0E9003213605A600023C0E9003370471C
:107A9C0008B5FFF7F5FF437B23F002034373002384
:107AAC00836008BD38B504460D46FDF72FFE637B99
:107ABC0043F00203637395B1A5602B689D4215D00A
:107ACC00A3B194F90E1093F90E20914208D0521ADA
:107ADC00002A05DD5A68C4E9003214605C6038BDC8
:107AEC006A68934202D01B68002BECD16B68C4E926
:107AFC0000531C606C60F2E710B5EFF31184202387
:107B0C0083F31288BFF36F8FFDF734FE84F3118873
:107B1C00BFF36F8F10BD10B50146EFF31184202316
:107B2C0083F31288BFF36F8F437B13F0280F0AD1B6
:107B3C0083680BB1FFF7ACFF4B7B084623F00403C3
:107B4C004B73FDF717FE84F31188BFF36F8F10BDD5
:107B5C0001211838FFF7DFBF2DE900480246FEF778
:107B6C00BFF990B1D0E90401B0EB020B61EBE27C00
:107B7C00BBF1004F7CF1000307DA584600287CF17A
:107B8C00000300DA0020BDE800886FF00040FAE73F
:107B9C0070B50446EFF31185202383F31288BFF3ED
:107BAC006F8F0368ABB1FEF79BF906462046FEF7D4
:107BBC00A9F900224FF00043A642C4E9042306D1E0
:107BCC00FEF796F9FFF7C8FF0021FBF70BFE00202C
:107BDC0001E06FF0150085F31188BFF36F8F70BD56
:107BEC0008B5FEF7A9FA08BD0A44914200F1FF332B
:107BFC0000D1704710B511F8014B914203F8014FB9
:107C0C00F9D110BD03460244934200D1704703F8EA
:107C1C00011BF9E730B500240139A24201D1002043
:107C2C0005E0035D01340D5DAB42F6D0581B30BD51
:107C3C00024610B501448A42134603D01C78013227
:107C4C00002CF8D1181A10BDF0B5C3F13706F6B2F6
:107C5C0003F01F03082BC5B213D0102B18D0022B26
:107C6C0023D105F00104450845EAC1754F082846A3
:107C7C003946303402F8014B50EA0104EAD110467F
:107C8C00F0BD05F00704C50845EA4175CF08EEE7DD
:107C9C0005F00F04050945EA01750F092846394618
:107CAC00092C84BFA419E4B2E3E744084FEA900C12
:107CBC0044EAC1744CEA817C14EB0C044FEA510782
:107CCC004FEA910E47EB0E01200940EA017024188F
:107CDC004FEA111747EB0101200A40EA0160241812
:107CEC004FEA112747EB0101200C40EA0140241810
:107CFC004FEA114747EB01010027641841EB0707D6
:107D0C00E00840EA4770C4B204EB8404A5EB4404D9
:107D1C00E4B2092C4FEAD701ABD90130A4F10A0423
:107D2C0041F10001E4B2BBE72DE9F04301240A253F
:107D3C008446944202DBBDE8F0839C46634613F80C
:107D4C00016B002EF7D0252EF7D11F780CF1020C09
:107D5C00252FF3D000239E461E461F2E0FD8A7F1C9
:107D6C002008B8F1100F0CD8DFE808F0130B0B1338
:107D7C000B0B0B130B0B0B130B130B0B13007F2E9B
:107D8C001AD8A7F13008B8F1090F07D8202605FB3F
:107D9C0003831CF8017B002FDFD12AE0242F06D1AE
:107DAC00BEF1000F3CD09C423CD00023F1E727F001
:107DBC000408B8F12A0FF8D06C2F06D1370648BF4B
:107DCC0046F4007646F08006E3E7682F06D1F70507
:107DDC0048BF46F4007646F48076DAE74C2F02D1A1
:107DEC0046F42076D5E76A2FFAD07A2FD1D0742FAB
:107DFC00CFD0BEF1000F9ED074459AD147F0200C25
:107E0C00ACF1650EBEF1020F0B6802D9BCF1610F2B
:107E1C000AD1073323F0070308330B60013487E7DB
:107E2C009E46C2E76327E9E7632F01D10433F4E7E9
:107E3C00732FFBD006F0800CBCF1000FF6D0B6050A
:107E4C00F4D5E6E7D1E9043293421EBF5A1C0A610D
:047E5C0018707047E3
:087E60002CE8FF7F0100000087
:107E6800A12300000000000000000000F07E0000D8
:107E7800000000005C7F000000000000387F000068
:107E880000000000147F000000000000A47F000034
:107E980000000000807F0000AD2700000000000007
:107EA8004937000000000000676C00000000000077
:107EB8007D230000000000005D2B00000000000092
:107EC8000000000034800000000000001080000066
:107ED80000000000EC7F000000000000C87F0000E8
:087EE8000000000058800000BA
:107EF0004F950000E88A0000208900006C020020F5
:107F0000C0040020E1240000000000000000000088
:107F10000000000082950000308B0000F488000013
:107F200070020020240500204D2800000000000001
:107F300000000000D00000208D950000188B00008C
:107F4000F488000072020020180500204D2800006F
:107F50000000000000000000C00000207695000036
:107F6000488B0000F48800006E02002030050020DD
:107F70004D2800000000000000000000B0000020BC
:107F80004A960000B08C0000788900007C02002036
:107F9000A40500201D750000000000000000000086
:107FA000F000002055960000848C000078890000C5
:107FB0007E0200209C050020FF74000000000000ED
:107FC00000000000E0000020FB950000FC8B00009A
:107FD0003C8900007402002084050020892D0000E7
:107FE00000000000000000000000000004960000F7
:107FF000CC8B00003C890000760200206C0500203C
:10800000892D0000000000000000000000000000BA
:108010000D9600009C8B00003C8900007802002037
:1080200054050020892D0000000000000000000021
:1080300000000000169600006C8B00003C890000D8
:108040007A0200203C050020892D0000000000007D
:1080500000000000000000002C980000248D0000AB
:10806000188900008002002010010020652F000008
:0C8070006375000000000000000100200B
:10807C0000000000AD6E000000000000AD6E0000BE
:10808C0000000000AD6E000000000000AD6E0000AE
:10809C0000000000AD6E000000000000AD6E00009E
:1080AC0000000000AD6E000000000000AD6E00008E
:1080BC0000000000AD6E000000000000AD6E00007E
:1080CC0000000000AD6E000000000000AD6E00006E
:1080DC0000000000AD6E000000000000AD6E00005E
:1080EC0000000000AD6E000000000000AD6E00004E
:1080FC0000000000AD6E000000000000AD6E00003E
:10810C0000000000AD6E000000000000AD6E00002D
:10811C0000000000AD6E000000000000AD6E00001D
:10812C0000000000AD6E000000000000AD6E00000D
:10813C0000000000AD6E000000000000AD6E0000FD
:10814C0000000000AD6E000000000000AD6E0000ED
:10815C0000000000AD6E000000000000AD6E0000DD
:10816C0000000000AD6E000000000000AD6E0000CD
:10817C0000000000AD6E000000000000AD6E0000BD
:10818C0000000000AD6E000000000000AD6E0000AD
:10819C0000000000AD6E000000000000AD6E00009D
:1081AC0000000000AD6E000000000000AD6E00008D
:1081BC0000000000AD6E000000000000AD6E00007D
:1081CC0000000000AD6E000000000000AD6E00006D
:1081DC0000000000AD6E000000000000AD6E00005D
:1081EC0000000000AD6E000000000000AD6E00004D
:1081FC0000000000AD6E000000000000AD6E00003D
:10820C0000000000AD6E000000000000AD6E00002C
:10821C0000000000AD6E000000000000AD6E00001C
:10822C0000000000AD6E000000000000AD6E00000C
:10823C0000000000AD6E000000000000AD6E0000FC
:10824C0000000000AD6E000000000000AD6E0000EC
:10825C0000000000AD6E000000000000AD6E0000DC
:10826C0000000000AD6E000000000000AD6E0000CC
:10827C0000000000AD6E000000000000AD6E0000BC
:10828C0000000000AD6E000000000000AD6E0000AC
:10829C0000000000AD6E000000000000AD6E00009C
:1082AC0000000000AD6E000000000000AD6E00008C
:1082BC0000000000AD6E000000000000AD6E00007C
:1082CC00E14F0000FF76000000000000AD6E0000E2
:1082DC0000000000AD6E000000000000AD6E00005C
:1082EC0000000000AD6E000000000000AD6E00004C
:1082FC0000000000AD6E000000000000AD6E00003C
:10830C0000000000AD6E000000000000AD6E00002B
:10831C0000000000AD6E000000000000AD6E00001B
:10832C0000000000AD6E000000000000AD6E00000B
:10833C0000000000AD6E000000000000AD6E0000FB
:10834C0000000000AD6E000000000000AD6E0000EB
:10835C0000000000AD6E000000000000AD6E0000DB
:10836C0000000000AD6E000000000000AD6E0000CB
:10837C0000000000AD6E000000000000AD6E0000BB
:10838C0000000000AD6E000000000000AD6E0000AB
:10839C0000000000AD6E000000000000AD6E00009B
:1083AC0000000000AD6E000000000000AD6E00008B
:1083BC0000000000AD6E000000000000AD6E00007B
:1083CC0000000000AD6E000000000000AD6E00006B
:1083DC0000000000AD6E000000000000AD6E00005B
:1083EC0000000000AD6E000000000000AD6E00004B
:1083FC0000000000AD6E000000000000AD6E00003B
:10840C0000000000AD6E000000000000AD6E00002A
:10841C0000000000AD6E000000000000AD6E00001A
:10842C0000000000AD6E000000000000AD6E00000A
:10843C0000000000AD6E000000000000AD6E0000FA
:10844C0000000000AD6E000000000000AD6E0000EA
:10845C0000000000AD6E000000000000AD6E0000DA
:10846C0000000000AD6E000000000000AD6E0000CA
:10847C0000000000AD6E000000000000AD6E0000BA
:10848C0000000000AD6E000000000000AD6E0000AA
:10849C0000000000AD6E000000000000AD6E00009A
:1084AC0000000000AD6E000000000000AD6E00008A
:1084BC0000000000AD6E000000000000AD6E00007A
:1084CC0000000000AD6E000000000000AD6E00006A
:1084DC0000000000AD6E000000000000AD6E00005A
:1084EC0000000000AD6E000000000000AD6E00004A
:1084FC0000000000AD6E000000000000AD6E00003A
:10850C0000000000AD6E000000000000AD6E000029
:10851C0000000000AD6E000000000000AD6E000019
:10852C0000000000AD6E000000000000AD6E000009
:10853C0000000000AD6E000000000000AD6E0000F9
:10854C0000000000AD6E000000000000AD6E0000E9
:10855C0000000000AD6E000000000000AD6E0000D9
:10856C0000000000AD6E000000000000AD6E0000C9
:10857C0000000000AD6E000000000000AD6E0000B9
:10858C0000000000AD6E000000000000AD6E0000A9
:10859C0000000000AD6E000000000000AD6E000099
:1085AC0000000000AD6E000000000000AD6E000089
:1085BC0000000000AD6E000000000000AD6E000079
:1085CC0000000000AD6E000000000000AD6E000069
:1085DC0000000000AD6E000000000000AD6E000059
:1085EC0000000000AD6E000000000000AD6E000049
:1085FC0000000000AD6E000000000000AD6E000039
:10860C0000000000AD6E000000000000AD6E000028
:10861C0000000000AD6E000000000000AD6E000018
:10862C0000000000AD6E000000000000AD6E000008
:10863C0000000000AD6E000000000000AD6E0000F8
:10864C0000000000AD6E000000000000AD6E0000E8
:10865C0000000000AD6E000000000000AD6E0000D8
:10866C0000000000AD6E000000000000AD6E0000C8
:10867C0000000000AD6E000000000000AD6E0000B8
:10868C0000000000AD6E000000000000AD6E0000A8
:10869C0000000000AD6E000000000000AD6E000098
:1086AC00A47F0000FF730000807F0000FF730000B8
:1086BC0000000000AD6E000000000000AD6E000078
:1086CC0000000000AD6E000000000000AD6E000068
:1086DC0000000000AD6E000000000000AD6E000058
:1086EC0000000000AD6E000000000000AD6E000048
:1086FC0000000000AD6E000000000000AD6E000038
:10870C0000000000AD6E000000000000AD6E000027
:10871C0000000000AD6E000000000000AD6E000017
:10872C0000000000AD6E000000000000AD6E000007
:10873C0000000000AD6E000000000000AD6E0000F7
:10874C0000000000AD6E00009D450000FF760000AB
:10875C0000000000AD6E000000000000AD6E0000D7
:10876C0000000000AD6E000000000000AD6E0000C7
:10877C0000000000AD6E000000000000AD6E0000B7
:10878C0000000000AD6E000000000000AD6E0000A7
:10879C0021490000FF76000000000000AD6E0000D3
:1087AC0000000000AD6E000000000000AD6E000087
:1087BC0000000000AD6E000000000000AD6E000077
:1087CC0000000000AD6E000000000000AD6E000067
:1087DC0000000000AD6E000000000000AD6E000057
:1087EC0000000000AD6E000000000000AD6E000047
:1087FC0000000000AD6E000000000000AD6E000037
:10880C0000000000AD6E000000000000AD6E000026
:10881C0000000000AD6E000000000000AD6E000016
:10882C0000000000AD6E000000000000AD6E000006
:10883C0000000000AD6E000000000000AD6E0000F6
:10884C0000000000AD6E000000000000AD6E0000E6
:10885C0000000000AD6E000000000000AD6E0000D6
:10886C0000000000AD6E000000000000AD6E0000C6
:10887C0000000000AD6E000000000000AD6E0000B6
:10888C0000000000AD6E000000000000AD6E0000A6
:10889C0000000000AD6E0000BD780000FF76000007
:1088AC0000000000AD6E000000000000AD6E000086
:1088BC0000000000AD6E000000000000AD6E000076
:1088CC0000000000AD6E000000000000AD6E000066
:1088DC0000000000AD6E0000AD450000FF7600000A
:0888EC0000000000AD6E000069
:1088F400B12800007F7000008B7000009F700000A2
:10890400A9700000B3700000452A0000C770000081
:04891400000000005F
:08891800053200008976000021
:1089200001260000E56F0000237000000000000039
:0C893000816F000000000000000000004B
:10893C0089730000DB730000B5730000C373000083
:10894C00000000000000000000000000000000001B
:10895C00000000000000000000000000000000000B
:0C896C00000000000000000000000000FF
:0C89780017740000A12E0000097400001C
:108984004495000003000000A58F000003000000D0
:108994006895000003000000E89500000300000053
:1089A400B68F000003000000BA8F0000030000002F
:1089B4007B90000003000000C1940000030000004D
:1089C4002799000003000000A190000003000000AC
:1089D4002296000003000000409500000300000000
:1089E400708F0000030000003698000003000000B0
:0889F400609600000300000082
:1089FC00988A0000980000206A9000000100000096
:108A100000A0105000820D50000405500500000019
:108A20000400000001000000000000000000000041
:108A30000338FDD87047000000000000000000006F
:108A40000338FDD870470000516D000000000000A1
:108A50000000000000000000000000004A9000003C
:108A60005290000000000000000000000000000024
:108A70005A9000005E900000629000006690000036
:108A8000888A000068040020D514000080040020BB
:108A90001908002001000000CF6D00000000000058
:108AA00081140000C36D000000000000B76D0000DD
:108AB000000000000000002000000000060001008F
:108AC00002000000C88A000000000000319500008C
:108AD00006000000E04F160000000020399500005D
:108AE00021000000E0EF022089250000AD240000F5
:108AF0005C950000FD6F00000370000062950000AF
:108B0000352600007D2400000000000000A0105069
:108B100000820D5000040550FF07000000040550BE
:108B20000000000002000000000000000000000043
:108B3000FFFF000000820D50000000000100000057
:108B400000A00D50000000001F00000000A0105009
:108B5000000000000000000000C0105001000000F4
:108B600000A0105000820D5000040550000000804D
:108B7000FFFFFF7F0000008000000080FFFFFF7FFD
:108B800000000080B80B000000000000FB95000012
:108B900000FF0A005C7F000001000002000000806E
:108BA000FFFFFF7F0000008000000080FFFFFF7FCD
:108BB000000000800000000000000000FB950000A5
:108BC00000FF0A00387F000005000100000000805F
:108BD000FFFFFF7F0000008000000080FFFFFF7F9D
:108BE000000000800000000000000000FB95000075
:108BF00000FF0A00387F0000030000000000008032
:108C0000FFFFFF7F0000008000000080FFFFFF7F6C
:108C1000000000800000000000000000FB95000044
:108C200000FF0A00147F00000F00000000600C50DD
:108C3000648C00000200000000700C50748C000076
:108C40000200000029000000280600014800000082
:108C500047060001298000002880000148800000AC
:108C600047800001448C000002000000548C00008A
:108C7000020100004C8C0000020000005C8C00002F
:108C80000201000000600C50000000000000000025
:108C90002C8C000000C201000000D6010000000082
:108CA00000000040000000001C0800201B080020FD
:108CB00000700C500000000000000000388C000024
:108CC00000C201000000D6010000000000000040CA
:108CD000000000001E0800201D08002000A0105009
:108CE00000820D500004055000000000000000004C
:108CF00000A00450148D0000020000004100000498
:108D00004200000544000006418000044280000546
:108D100044800006FC8C000003000000088D000069
:108D20000301000000A00450000000000048E8011A
:108D3000000000000000000000000000FFFFFFFF37
:108D40000000FF000000000000000000FFFFFFFF28
:108D5000010000010100000085750000FFFF000018
:108D6000F08C0000FFFFFFFF00000000000000008B
:108D700000A0105000820D500004055000A01050BB
:108D800000820D500004055000A0105000820D50CC
:108D90000004055066980000749800008898000050
:108DA00097980000A3980000687E0000687E00008D
:108DB000A87E0000B07E0000F07E0000F07E000083
:108DC000257320253033583A2000253032582000B2
:108DD0003D3D3D3D3D3D3D3D3D3D3D3D3D3D3D3DC3
:108DE00020573235513132384A5620535049205499
:108DF000657374203D3D3D3D3D3D3D3D3D3D3D3D2B
:108E00003D3D3D3D00426F6172643A205849414FFB
:108E1000206E524635344C31350053504920636C36
:108E20006F636B3A2038204D487A00576972696E3B
:108E3000673A2053434B3D44382F50322E30312077
:108E40004D49534F3D44392F50322E3034204D4F31
:108E500053493D4431302F50322E30322043533D60
:108E600044312F50312E3035004750494F20646532
:108E700076696365206E6F74207265616479005352
:108E8000504920646576696365206E6F7420726551
:108E9000616479004A454445432049443A202530DD
:108EA00032582025303258202530325800556E6512
:108EB00078706563746564204A454445432049449D
:108EC0002C20737570706F727465643A204546206B
:108ED0003430203138202F204338203430203138AE
:108EE00000466C6173682064657465637465642111
:108EF0000045726173696E6720736563746F7220D9
:108F00003078303030303030202E2E2E00457261D7
:108F10007365204F4B0057726974696E6720256432
:108F2000206279746573202E2E2E00577269746545
:108F3000204F4B00545800525800566572696679AC
:108F4000204F4B00566572696679204641494C4571
:108F5000443A2064617461206D69736D6174636863
:108F600000546573742066696E69736865642E00C9
:108F70007370695F666C6173685F7465737400EF2A
:108F80004018C84018573235513132384A562038C7
:108F90004D487A2064656D6F204020307830303045
:108FA000303030303063627072696E74665F706149
:108FB000636B616765006C6F67006C6F675F6D67FF
:108FC0006D74004D6573736167652064726F7070B6
:108FD00065642062656361757365206974206578D6
:108FE00063656564732073697A65206C696D697463
:108FF0006174696F6E2028257529001B5B306D0038
:10900000257320005B2530386C755D20005B2530B2
:1090100032753A253032753A253032752E25303387
:10902000752C253033755D20003C25733E200025CE
:10903000732F0025733A20000D0A00253032782066
:1090400000202020007C002563001B5B313B333176
:109050006D001B5B313B33336D00657272007772BC
:109060006E00696E6600646267006C6F675F6261C4
:10907000636B656E645F75617274006C6F675F75BA
:1090800061727400000101030100030161637469EE
:1090900076650073757370656E646564006F6666EF
:1090A00000706D5F6465766963650072302F6131B1
:1090B0003A2020307825303878202072312F6132E4
:1090C0003A2020307825303878202072322F6133D2
:1090D0003A20203078253038780072332F61343AC6
:1090E0002020307825303878207231322F69703A5C
:1090F0002020307825303878207231342F6C723A45
:1091000020203078253038780020787073723A202B
:1091100020307825303878004661756C74696E6748
:1091200020696E737472756374696F6E2061646414
:109130007265737320287231352F7063293A20309D
:10914000782530387800556E68616E646C656420EF
:109150004952516E3A202564002A2A2A2A2A20429E
:109160005553204641554C54202A2A2A2A2A0020A9
:1091700020537461636B696E67206572726F720051
:109180002020556E737461636B696E67206572721F
:109190006F7200202050726563697365206461748A
:1091A0006120627573206572726F720020204246E2
:1091B000415220416464726573733A203078257897
:1091C000002020496D707265636973652064617465
:1091D0006120627573206572726F72002020496E83
:1091E000737472756374696F6E2062757320657233
:1091F000726F72002020466C6F6174696E672D700B
:109200006F696E74206C617A792073746174652063
:10921000707265736572766174696F6E20657272C3
:109220006F72002A2A2A2A2A204D5055204641557D
:109230004C54202A2A2A2A2A002020537461636B66
:10924000696E67206572726F722028636F6E746535
:1092500078742061726561206D6967687420626549
:10926000206E6F742076616C69642900202044614F
:109270007461204163636573732056696F6C617418
:10928000696F6E0020204D4D46415220416464724A
:109290006573733A2030782578002020496E737406
:1092A00072756374696F6E204163636573732056D2
:1092B000696F6C6174696F6E002A2A2A2A2A205508
:1092C00053414745204641554C54202A2A2A2A2AF0
:1092D0000020204469766973696F6E206279207A74
:1092E00065726F002020556E616C69676E65642041
:1092F0006D656D6F72792061636365737300202003
:10930000537461636B206F766572666C6F7720288B
:10931000636F6E746578742061726561206E6F741E
:109320002076616C6964290020204E6F20636F7085
:10933000726F636573736F7220696E737472756395
:1093400074696F6E73002020496C6C6567616C20D6
:109350006C6F6164206F66204558435F52455455D9
:10936000524E20696E746F205043002020496C6C6F
:109370006567616C20757365206F66207468652071
:1093800045505352002020417474656D70742074F0
:109390006F206578656375746520756E64656669B0
:1093A0006E656420696E737472756374696F6E00A4
:1093B000526573657276656420457863657074697B
:1093C0006F6E20280053707572696F757320696E17
:1093D0007465727275707420284952512000535080
:1093E00053454C20696E20746872656164206D6F0E
:1093F000646520646F6573206E6F7420696E6469A4
:109400006361746520505350002A2A2A2A2A204872
:10941000415244204641554C54202A2A2A2A2A00E7
:109420002020427573206661756C74206F6E207603
:109430006563746F72207461626C6520726561642B
:109440000020204465627567206576656E74002093
:10945000204661756C7420657363616C6174696F1B
:109460006E20287365652062656C6F772900415214
:1094700043485F45584345505420776974682072CB
:109480006561736F6E2025780A002A2A2A2A2A200D
:109490004465627567206D6F6E69746F72206578C0
:1094A00063657074696F6E202A2A2A2A2A002A2A84
:1094B0002A2A2A20257320256429202A2A2A2A2AB2
:1094C000006D707500506172746974696F6E20254B
:1094D000753A2073616E69747920636865636B20E7
:1094E0006661696C65642E00496E76616C69642002
:1094F000756E6465726C79696E6720726567696FF5
:109500006E20696E646578202575004661696C651A
:109510006420746F20616C6C6F63617465206E658C
:1095200077204D505520726567696F6E2025750A4A
:1095300000464C4153485F30005352414D5F30006C
:10954000736F630063616368655F6E726678006362
:109550006C6F636B40313065303030006866636C2F
:109560006B006C66636C6B00636C6F636B5F636F47
:109570006E74726F6C006770696F403130613030AB
:1095800030006770696F406438323030006770694E
:109590006F403530343030004750494F20706F7283
:1095A00074202573206E6F74207265616479006683
:1095B00061696C656420746F20636F6E666967759E
:1095C0007265204750494F20686F6720666F722090
:1095D000706F72742025732070696E2025752028A5
:1095E00065727220256429006770696F5F686F6714
:1095F000730000010405020608090F766261742DEC
:1096000070777200726673772D707772007266736E
:10961000772D63746C0070646D2D696D752D707796
:109620007200726567756C61746F725F66697865E8
:1096300064004750494F20706F72743A20257320A0
:109640006E6F742072656164790075617274406335
:10965000373030300075617274406336303030001E
:10966000756172745F6E7266785F756172746500A1
:109670005570646174652065786365656473206303
:10968000757272656E7420627566666572004661F9
:10969000696C656420746F20616C6C6F63617465C4
:1096A000204750494F5445206368616E6E656C20B9
:1096B000666F722057414B45004661696C656420B6
:1096C000746F20636F6E6669677572652057414BD2
:1096D000452070696E004353204750494F20706FFA
:1096E00072742025732070696E20256420697320B0
:1096F0006E6F742072656164790048616C662D64D8
:1097000075706C6578206E6F7420737570706F72F1
:1097100074656400536C617665206D6F64652069C3
:1097200073206E6F7420737570706F72746564202F
:109730006F6E202573004C6F6F706261636B206DDC
:109740006F6465206973206E6F7420737570706F1D
:109750007274656400576F72642073697A65732050
:109760006F74686572207468616E20382062697455
:109770007320617265206E6F7420737570706F72E4
:10978000746564004672657175656E636965732002
:109790006C6F776572207468616E20313235206B92
:1097A000487A20617265206E6F7420737570706FD7
:1097B00072746564004661696C656420746F206929
:1097C0006E697469616C697A65206E72667820646E
:1097D00072697665723A202530387800576169746D
:1097E000696E6720666F722057414B452061636B3D
:1097F0006E6F776C6564676D656E742074696D65F6
:1098000064206F75740054696D656F75742077619D
:109810006974696E6720666F72207472616E736618
:10982000657220636F6D706C65746500737069405C
:109830003461303030007370695F6E7266785F73C8
:1098400070696D0000071823232323232323232378
:109850002323232300010248616C74696E6720731F
:10986000797374656D004350552065786365707435
:10987000696F6E00556E68616E646C656420696E18
:109880007465727275707400537461636B206F76C7
:109890006572666C6F77004B65726E656C206F6FDA
:1098A0007073004B65726E656C2070616E69630049
:1098B000556E6B6E6F776E206572726F7200756E8B
:1098C0006B6E6F776E003E3E3E205A4550485952AF
:1098D00020464154414C204552524F522025643A73
:1098E000202573206F6E204350552025640046616B
:1098F000756C7420647572696E6720696E74657228
:10990000727570742068616E646C696E670A0043DA
:10991000757272656E74207468726561643A202590
:10992000702028257329006F73006D61696E002A0D
:109930002A2A20426F6F74696E67205A65706879B1
:1099400072204F53206275696C64207A6570687963
:10995000722D763430323031202A2A2A0A00286EBD
:10996000756C6C29002A666C6F61742A0000000017
:109970000000000067000000000000000000000080
:1099800000000000000000000000000000000000D7
:1099900000000000000000000000000000000000C7
:1099A00000000000000000000000000000000000B7
:1099B00000000000000000000000000000000000A7
:1099C0000000000000000000000000000000000097
:1099D0000000000000000000000000000000000087
:1099E0000000000000000000000000000000000077
:1099F0000000000000000000000000000000000067
:109A00008B6A00004D6C0000808A0000000000009E
:109A100000000000776F0000000000000000000060
:109A200000000000000000001F71000000000000A6
:109A300000000000000000001F7100000000000096
:109A400000000000000000001F7100000000000086
:109A500000000000000000005B7400000000000037
:109A600000000000000000005B7400000000000027
:109A70000000000000000000F17500000000000080
:109A80000000000000000000E88C00000000000062
:109A90002001002020010020000000000100000043
:109AA0003001002030010020000000000100000013
:109AB00000000000000000000000000000000000A6
:109AC0000000000000000000000000000000000096
:109AD00000000000588000000000000000000000AE
:109AE000270800201F0800200937000000000000A0
:109AF000FF0000000090D003000000000000000004
:109B00000000000000000000000000000000000055
:109B10000000000000000000000000000000000045
:109B20000000000000000000000000000000000035
:109B30000000000000000000000000000000000025
:109B40000000000000000000000000000000000015
:109B500008000000FF0000000000000002000000FC
:109B600000000000000000000000000000000000F5
:109B700000000000000000000000000000000000E5
:109B800000000000000000000000000000000000D5
:109B900000000000000000000000000000000000C5
:109BA00000000000000000000000000000000000B5
:109BB00000000000000000000000000004000000A1
:109BC0000F00000000000000010000000000000085
:0C9BD0007102000064020020640200200A
:109BDC000000000000000000000000000000000079
:089BEC00000000000000000071
:049BF400000000006D
:049BF80015E015E07F
:0400000300001C7964
:00000001FF
