:1000000038100020F51B0000A76D0000E11B000068
:10001000E11B0000E11B0000E11B0000E11B0000F0
:10002000000000000000000000000000B11C000003
:10003000E11B000000000000591C0000E11B000053
:10004000591E0000591E0000591E0000591E0000D4
:10005000591E0000591E0000591E0000591E0000C4
:10006000591E0000591E0000591E0000591E0000B4
:10007000591E0000591E0000591E0000591E0000A4
:10008000591E0000591E0000591E0000591E000094
:10009000591E0000591E0000591E0000591E000084
:1000A000591E0000591E0000591E0000591E000074
:1000B000591E0000591E0000591E0000591E000064
:1000C000591E0000591E0000591E0000591E000054
:1000D000591E0000591E0000591E0000591E000044
:1000E000591E0000591E0000591E0000591E000034
:1000F000591E0000591E0000591E0000591E000024
:10010000591E0000591E0000591E0000591E000013
:10011000591E0000591E0000591E0000591E000003
:10012000591E0000591E0000591E0000591E0000F3
:10013000591E0000591E0000591E0000591E0000E3
:10014000591E0000591E0000591E0000591E0000D3
:10015000591E0000591E0000591E0000591E0000C3
:10016000591E0000591E0000591E0000591E0000B3
:10017000591E0000591E0000591E0000591E0000A3
:10018000591E0000591E0000591E0000591E000093
:10019000591E0000591E0000591E0000591E000083
:1001A000591E0000591E0000591E0000591E000073
:1001B000591E0000591E0000591E0000591E000063
:1001C000591E0000591E0000591E0000591E000053
:1001D000591E0000591E0000591E0000591E000043
:1001E000591E0000591E0000591E0000591E000033
:1001F000591E0000591E0000591E0000591E000023
:10020000591E0000591E0000591E0000591E000012
:10021000591E0000591E0000591E0000591E000002
:10022000591E0000591E0000591E0000591E0000F2
:10023000591E0000591E0000591E0000591E0000E2
:10024000591E0000591E0000591E0000591E0000D2
:10025000591E0000591E0000591E0000591E0000C2
:10026000591E0000591E0000591E0000591E0000B2
:10027000591E0000591E0000591E0000591E0000A2
:10028000591E0000591E0000591E0000591E000092
:10029000591E0000591E0000591E0000591E000082
:1002A000591E0000591E0000591E0000591E000072
:1002B000591E0000591E0000591E0000591E000062
:1002C000591E0000591E0000591E0000591E000052
:1002D000591E0000591E0000591E0000591E000042
:1002E000591E0000591E0000591E0000591E000032
:1002F000591E0000591E0000591E0000591E000022
:10030000591E0000591E0000591E0000591E000011
:10031000591E0000591E0000591E0000591E000001
:10032000591E0000591E0000591E0000591E0000F1
:10033000591E0000591E0000591E0000591E0000E1
:10034000591E0000591E0000591E0000591E0000D1
:10035000591E0000591E0000591E0000591E0000C1
:10036000591E0000591E0000591E0000591E0000B1
:10037000591E0000591E0000591E0000591E0000A1
:10038000591E0000591E0000591E0000591E000091
:10039000591E0000591E0000591E0000591E000081
:1003A000591E0000591E0000591E0000591E000071
:1003B000591E0000591E0000591E0000591E000061
:1003C000591E0000591E0000591E0000591E000051
:1003D000591E0000591E0000591E0000591E000041
:1003E000591E0000591E0000591E0000591E000031
:1003F000591E0000591E0000591E0000591E000021
:10040000591E0000591E0000591E0000591E000010
:10041000591E0000591E0000591E0000591E000000
:10042000591E0000591E0000591E0000591E0000F0
:10043000591E0000591E0000591E0000591E0000E0
:10044000591E0000591E0000591E0000591E0000D0
:10045000591E0000591E0000591E0000591E0000C0
:10046000591E0000591E0000591E0000591E0000B0
:0C047000591E0000591E0000591E00001B
:10047C0053B94AB9002908BF00281CBF4FF0FF31FF
:10048C004FF0FF3000F00CB8ADF1080C6DE904CE64
:10049C0006F08AF8DDF804E0DDE9022304B07047C9
:1004AC00704700BF034613F8012B002AFBD1181A22
:1004BC000138704710B483681C681346A4460A467A
:1004CC0010BC0149604700BF3C040020054B186874
:1004DC0003691B689B0683684FF0200154BFDB68DF
:1004EC001B69184738040020054B186803691B6802
:1004FC009B0683684FF0200154BF1B69DB681847CB
:10050C003804002030B54FF60575134C8BB0022320
:10051C0001AACDE90423039302AB0693012304AA99
:10052C00ADF80050CDF808D00793CDE90823FFF7BC
:10053C00DBFF206808AA06A9FFF7BCFFFFF7C6FF80
:10054C009DF80530DB0701D40BB030BD0021202015
:10055C0005F0ECFADBE700BF500400207FB5062362
:10056C008DF807300DF107030293012302AA0393C0
:10057C00CDE90423FFF7B8FF054B1868002204A946
:10058C00FFF798FFFFF7A2FF07B05DF804FB00BF71
:10059C00500400202DE9F04F0024B04BA5B002937D
:1005AC0020462346CDE900440322AD4906F060F90C
:1005BC00AC4B2046CDE90143009423460322A849C5
:1005CC0006F056F9A84B2046CDE90143009423468A
:1005DC000322A34906F04CF9A44DA548286007F066
:1005EC008BF9034658B9A34ACDE901320093012295
:1005FC009B4906F03DF9002025B0BDE8F08F286836
:10060C0002698168136823F0200313600B684FF4B0
:10061C00202205219847FFF759FF9748974B186000
:10062C0007F06AF9034608B9954ADDE74FF4807381
:10063C00944D0322AB80944B0094CDE9014388493F
:10064C002346204606F014F9904BDFF86C820E938B
:10065C000A940F950E9B4FF0200A1A4652F8043B51
:10066C0000210E921CA85246099307F05FFA0F9BCB
:10067C004FF0040B1A46099B4FF0010913606FF001
:10068C006003109310AB129311ABCDE9143B12AB7A
:10069C00169314ABCDE91839CDF84CB0CDF85C906D
:1006AC00FFF722FF754B186816AF18AA3946FFF7EB
:1006BC0001FF0546764EFFF709FF099BB3FBF6F6E3
:1006CC00002D32D0734B039602930023CDE90033F7
:1006DC0003226349184606F0CBF80A9B0133082B1A
:1006EC000A93B7D100256C4BCDE900550293032238
:1006FC002B465B49284606F0BBF8002C00F0F48032
:10070C00634B0095B4FBF3F4644B0394CDE90153B4
:10071C0003222B465249284606F0AAF80025604CC5
:10072C002046294605F002FAFAE79DF845300B936E
:10073C009DF846300C939DF847300D93DDE90B3254
:10074C0013400D9A1340FF2B06D1564B0396CDE95F
:10075C00015300952B46BBE7FFF700FF14ABCDE927
:10076C00163BCDF850A0CDE91879FFF7BDFE434BF1
:10077C0018682A4618A9FFF79DFEFFF7A7FEFFF79A
:10078C00C1FEFFF7EBFE022314AACDE9182B464A53
:10079C001493CDE91A2A18AACDE91623FFF7A4FE63
:1007AC00364B18684FF0030B2A463946FFF782FE8A
:1007BC00FFF78CFEFFF7A6FE5246FF213B4888F858
:1007CC0000B088F8015088F8025088F8035007F000
:1007DC00ADF9242312AADFF8E4A0CDE9162914AA56
:1007EC001393CDE914A3CDF84880CDE91829FFF770
:1007FC007BFE224B1868394618AAFFF75BFE0746AA
:10080C00FFF764FE37BB0AF104021CAB0AF1240AA1
:10081C001D4610685168083203C552452B46F7D166
:10082C0020221CA9204807F089F90346002847D04C
:10083C000D9B032206930C9B094905930B9BCDE959
:10084C0003631B4B02930023CDE90033184606F0DB
:10085C000FF842E70396174B79E700BF008D0000B5
:10086C0004890000218D0000368D00003804002022
:10087C002C7E00006F8D0000707F00005004002063
:10088C007E8D00003C0400208C8D000068890000E7
:10089C0040420F00AF8D00008E8E0000AF8E000026
:1008AC005A620200DB8D0000F38E00001807002056
:1008BC002B8E0000088E000014070020100600206C
:1008CC000D9A009006920C9A0D4905920B9ACDE95F
:1008DC0003620C4ACDE90102032205F0C9FF099B12
:1008EC00002C08BF1C46F8E6074B0094CDE90143E9
:1008FC00032223460249204605F0BAFF0EE700BF4B
:10090C0004890000618E0000D08E00002DE9F04FAC
:10091C001F4691B002F004030193C2F3C2030133EA
:10092C000593830705460E460392DDF868B040F048
:10093C008F81041D002840F08E8101F0070634449D
:10094C00C6F108064FF0000A4FF0FF32D1464FF0C7
:10095C0004087B1ECDF808A0CDF810A005B12760C7
:10096C000598002807DC88488742C0F0AA80874891
:10097C00874280F0A680039911F0020E00F0C1802E
:10098C004FF0010C601BBEF1000F00F0A080B0F521
:10099C00007FC0F09C806FF0150058E020385A287A
:1009AC0034D8DFE800F06033336033323333333321
:1009BC007060336060336060606060606060606075
:1009CC0033333333333333443333334444443333A7
:1009DC0033336033333333333333333333333633AB
:1009EC003333333333333344333636444444603651
:1009FC005E3360332E362E3333866D3633333633D7
:100A0C006D0000204FF0000A0EE0013A4FF0000A92
:100A1C0029E013F8010C6C284DD113F8020C6C284A
:100A2C004FF00000824649D04FF004082CE00CF146
:100A3C00070B2BF0070B07340BF1080C24F0070401
:100A4C0065B106982044B04204D96FF01B0011B078
:100A5C00BDE8F08FDBE900ABC4E900AB4FF0000A56
:100A6C0008344FF0080813F8010F002800F08280BA
:100A7C00BAF1000F92D12528F5D14FF0010A0132BD
:100A8C004FF00408EFE70020013C4444B4FBF8F4B9
:100A9C0008FB04F425B1A8EB050EA644B645D4D842
:100AAC0000284AD0E34605985BF8047B0138059092
:100ABC0054E75046A6E700208246E5E74FF00808C9
:100ACC00E2E703994FF0000C01F0020E5AE7B9F17E
:100ADC000F0F3FF660AFF5B110A901EB090EC0F393
:100AEC0087000EF8200C0EF8102CBCF1000F0ED065
:100AFC0060F07F000EF8200C02980130029009F192
:100B0C000109C5F108000434DC460690ABE70498F3
:100B1C0001300490F3E7BCF1000F01D00136EEE791
:100B2C00019802360028EAD13846CDE90623FFF7B2
:100B3C00B9FCDDE906230644E1E7B8F1040F08D15E
:100B4C000CF1040115B1DCF80000206004348C4673
:100B5C0089E7B8F1080F7FF41EAF0CF1070B2BF0EF
:100B6C00070B0BF1080C1DB1DBE90001C4E9000116
:100B7C00083478E7631BB3F5806FBFF40CAF3DB955
:100B8C00A6F10804E01862E7807D0000DC98000004
:100B9C00019A9B0828602B709DF810308AB1687000
:100BAC00EB70029BAB702BB1002208A9C5F10100C0
:100BBC00914509D14FF00008C5F1010A0DF1300B38
:100BCC0035E06B70019BEBE711F8013B13F0800FE4
:100BDC0008D000EB040CB44503F07F033FF635AFAF
:100BEC0004F8013B0132E3E7029B23B108AB13F994
:100BFC000830002B19DB019BEBB118F80B3004F813
:100C0C00013B00230AEB04021A44B2423FF61DAF2B
:100C1C0008AA12F80820394604F8012B20461A4677
:100C2C00039306F075FF039B1C4408F10108C145B2
:100C3C00DAD1601B0BE708AB13F80830019A55F8B2
:100C4C00237045F823203846FFF72CFC431CD9E7CA
:100C5C006FF00D00FBE607293FF674AEF5E600BF1A
:100C6C00014B1860704700BF900000202DE9F84F31
:100C7C00B0F81890044619F008080DD001290CBFE3
:100C8C0049F0100949F02009A0F8189082F3118856
:100C9C00BFF36F8FBDE8F88F09F00709022907D160
:100CAC00204605F099FE0028F0D00128238B4AD16C
:100CBC006769238B002F15DA2568C4E9008823F0B7
:100CCC00070343F0010323830026238B03F0070A59
:100CDC00CA4502D0A168002956D10DB9002E6CD09E
:100CEC00002152E003F00701481F01281CD823F013
:100CFC000703062925689BB2C4E9008802D15DB9B7
:100D0C0043F002032383204605F066FE0028DBD067
:100D1C00238B43F02003D6E72946608B0130608398
:100D2C0009680029F9D1EBE704290AD123F007035C
:100D3C0099B22183204605F04FFE10B141F02001FD
:100D4C0021830025C0E7032809D1216923F007037B
:100D5C000E6843F00603002523832F46B5E70428CD
:100D6C0006D1216923F007034E6843F00403F2E730
:100D7C00052806D1216923F007038E6843F005038B
:100D8C00E9E700252E46E8E7012143F00803238319
:100D9C0082F31188BFF36F8FF1B97DBB16B1204977
:100DAC002046B047EFF31182202383F31288BFF360
:100DBC006F8F238B23F008032383238BD90627D52E
:100DCC00012123F010032383B4F8189009F00709CC
:100DDC0000297FF463AF59E7A1680029DDD0D1F871
:100DEC000090D1F804B03B4652462046D847B9F1A2
:100DFC00000FD2D04946D9F80090F2E7D5F8009010
:100E0C0029463B465246204605F002FE4D46C4E7B5
:100E1C0013F020011EBF23F0200323830221D3E70C
:100E2C00496A00002DE9F84F82463448884605F09F
:100E3C009FFE002853D000252846BDE8F88F237B61
:100E4C008BB12368DB680BB120469847636883F845
:100E5C00069023681B69002B39D16368042219683A
:100E6C00204605F0A6FE013610345C45E7D3BAF1F6
:100E7C00000FE1D04FF00109002DDCD02E4695FA81
:100E8C00A5F4B4FA84F409FA04FA6FEA0A0A240104
:100E9C0007EB040B9BF80C3005EA0A055BB13B59D8
:100EAC001B692BBB3C44636804221968584606EA4C
:100EBC000A0605F07EFE002DE1D1B8F1000F04D03A
:100ECC0040F23910002104F031FE3546D4E72046BB
:100EDC0098470028C1D009FA06F31D43C3E7084C14
:100EEC00064605462746DFF81CB04FF00109BCE763
:100EFC00584698470028DED1D4E700BF5C04002098
:100F0C001489000024890000014B53F8200070471D
:100F1C008889000008B530B1044B1860084600F011
:100F2C004FFA002008BD6FF01500FBE7940000207D
:100F3C0000230C4A10B513700B4A0C4913600C4A71
:100F4C000C481360FFF7E6FF0B4B0C4918468B421D
:100F5C0000D310BD1A1A5C681211013222711033C1
:100F6C00F5E700BF180800205804002040420F008D
:100F7C0054040020796B00001489000024890000BF
:100F8C0070B50B4D297841B90120FFF74BFF094C87
:100F9C00094EB44202D301232B7070BD63685B7998
:100FAC001BB1236820469B6898471034F1E700BFBB
:100FBC0018080020148900002489000010B504468C
:100FCC00064805F0D5FD3CB1054BD3E8EF2F013AAF
:100FDC00C3E8E12F0029F8D110BD00BF5804002050
:100FEC005404002070B50A4B05461B689847094C01
:100FFC00094EA860B44200D370BD63685B7923B11D
:10100C00236829461B68204698471034F2E700BF36
:10101C00940000201489000024890000044A054B28
:10102C009B1AB1EBD30F34BF52F83100002070473C
:10103C009C880000148900002DE9F04F87B004AFA4
:10104C00BE6B83468846924699463C6BEEB1FB6B71
:10105C0010217B6000937A6B33460020FFF756FC1F
:10106C00B0F5006F014611D340F2FF730393184B98
:10107C000222029300231749CDE90033184605F0EC
:10108C00BBFD0C37BD46BDE8F08F314600256FF334
:10109C0007056BF3C5056AF3881561F3532564F3F3
:1010AC001F5517340C4424F00704ADEB040D04ACAD
:1010BC003EB1FB6B7A6B009304F110003346FFF7E3
:1010CC0025FC4B462A464146204605F07BFDD8E7D9
:1010DC00318F0000BC880000406820B1034BC01A5F
:1010EC0040F3CF0070474FF0FF3070479C880000F2
:1010FC000EB403B503AB53F8042B0146044801931B
:10110C0001F0C4F802B05DF804EB03B0704700BF07
:10111C00416C00002DE9F04F89B09DF84C900446CD
:10112C000F4605929846179EB9F1000F00F0EE801D
:10113C0006F00103069306F4807306F0020A06F02B
:10114C00080B079305F033FD20B102468649204673
:10115C00FFF7CEFF0546BAF1000F09D016F0440F89
:10116C0040F0A9803A4681492046FFF7C1FF05446B
:10117C00069B53B17E4B7F4953F829207E4B20466A
:10118C00002A08BF1A46FFF7B3FF079B002B18BFB6
:10119C004FF00008BBF1000F07D0784B784953F89B
:1011AC0029202046FFF7A4FF8346059B2BB11A4646
:1011BC0074492046FFF79CFF8344B8F1000F05D01B
:1011CC00424671492046FFF793FF83446F485D44C4
:1011DC00149B1BB122466E4905F0B6FB169B002BE7
:1011EC0049D0DFF8D081169F102F28BF1027F306A7
:1011FC0006D4B00640F1928066492046FFF778FF8E
:10120C004FF0000A554500F38B804FF0000ADFF8D1
:10121C00A8B1574540F29480159B594613F80A2003
:10122C002046FFF765FF0AF1010ABAF1100F7ED1D3
:10123C0059492046FFF75CFF4FF0000BDFF87CA10B
:10124C005F4540F28B80159B514613F80B202046CE
:10125C00A2F120035F2B28BF2E22FFF749FF0BF1D1
:10126C00010BBBF1100F70D1159B3B441593169BD2
:10127C00DB1B1693B7D1B9F1000F0FD0F10704D5D2
:10128C003D4A3C492046FFF733FFF20606D4B3062D
:10129C004CBF404941492046FFF72AFF6268A168CC
:1012AC00D2E90023206805F0B7FC002263681A60BD
:1012BC0009B0BDE8F08F3A4B186800283FF457AFDF
:1012CC00384B4FF47A711B684FF4616CB7FBF3F732
:1012DC00B7FBF0F300FB13774F43B3FBFCF2B7FB08
:1012EC00F0FA4FF03C0E0CFB123C00FB1A77BCFBE7
:1012FC00FEF34F43B7FBF0F70EFB13C1CDE901A78B
:10130C00009120462849FFF7F3FE30E71F48274B92
:10131C004D46B8F1010F18BF184659E71F496CE745
:10132C0041462046FFF7E4FE0AF1010A6AE71AF08B
:10133C00070F7FF46EAF41462046FFF7D9FE68E7F2
:10134C001B492046FFF7D4FE6DE71BF0070F7FF417
:10135C0077AF41462046FFF7CBFE71E7414620466A
:10136C00FFF7C6FE7BE700BF6E8F0000728F000098
:10137C0098890000A1960000698F0000AC890000DC
:10138C00978F00009D8F0000A18F0000416C000022
:10139C0099220000A78F0000B38F0000A68F0000D9
:1013AC0060040020640400207B8F00005D6C000052
:1013BC00AF8F0000B18F0000A98F0000B58F000027
:1013CC0001230021074A10B5074C1360A04204D832
:1013DC0001B11360054B186010BD40085B00012182
:1013EC00F4E700BF6404002040420F0060040020BA
:1013FC002DE9F34143680DF107011C68104865683D
:10140C0005F082FC30B99DF80710012902D10C4877
:10141C0000F030F801232B7525682F68D5E90136CB
:10142C00D3E9004824B96B681C6002B0BDE8F081B8
:10143C00214630464246B847241A0644F2E700BF1C
:10144C00BC7E0000F8B50D460446064F4618B44263
:10145C0001D12846F8BD14F8011BBB6801485B6834
:10146C009847F4E7BC7E0000014B036000207047F6
:10147C00F489000070B5046A0D4694B31D4A2379B3
:10148C00565CB34230D01C4A525C9A422FD1A368AE
:10149C009847002810DA022D0CD0032D0BD110F137
:1014AC00860F07D0D4E8EF3F43F00203C4E8E23FD5
:1014BC00002AF6E7267170BD022D26710FD1D4E8F3
:1014CC00EF3F23F00403C4E8E23F002AF7D1D4E84D
:1014DC00EF3F23F00203C4E8E23F002AF7D10020DB
:1014EC00E9E76FF05700E6E76FF07700E3E76FF09E
:1014FC008500E0E7F68F0000F28F000070B506461D
:10150C0086B00D46002938D000248B680122059343
:10151C004B68204604930B6823490393234BCDE976
:10152C0000440293234605F024FC6B6901220593C9
:10153C002B691D490493EB68204603931C4B0094C4
:10154C00CDE90143234605F014FCEB69012203931A
:10155C00184B1549CDE9014320462346009405F06C
:10156C0008FCAB6901220393134B0094CDE90143B2
:10157C000D492346204605F0FCFB012E0DD1EFF35F
:10158C000583103B03930D4B32460293002306490F
:10159C00CDE90033184605F0ECFB2946304606B081
:1015AC00BDE8704003F02EBDDC88000019900000EF
:1015BC00489000007790000086900000B4900000E6
:1015CC0030BFFFF7FDBF00BF054B5A699B689A42BD
:1015DC001FBF044A536843F080535360704700BFE9
:1015EC00E405002000ED00E01FB500243E4B3F4910
:1015FC000293CDE9004423460122204605F0D4FB9A
:10160C003B4B9B6A99016DD53A4B2046CDE9014382
:10161C00009423460122354905F0C6FB1E20344BAD
:10162C009B6ADA010AD5344B0122029300232F491D
:10163C001846CDE9003305F0B7FB1F202C4B9B6AF5
:10164C00DB020AD52D4B01220293002327491846B1
:10165C00CDE9003305F0A8FB0220254B9B6A1C0347
:10166C000AD5274B01220293002320491846CDE9C5
:10167C00003305F099FB21201D4B9B6A59030AD5B9
:10168C00204B01220293002318491846CDE9003360
:10169C0005F08AFB2220164B9B6A9A030AD51A4B3B
:1016AC0001220293002311491846CDE9003305F0BD
:1016BC007BFB23200E4B9B6ADB030AD5134B0122C9
:1016CC000293002309491846CDE9003305F06CFB61
:1016DC002420074A936A6FEA03436FEA1343936229
:1016EC0004B010BD1D209AE727920000DC88000092
:1016FC0000ED00E03F920000529200006C9200005E
:10170C0096920000B4920000D9920000F39200006F
:10171C00F0B50024444B85B00293074623460E4691
:10172C00CDE9004401224149204605F03DFB404BE8
:10173C009B6ADB0455D53F4B2046CDE90143009411
:10174C0023460122394905F02FFB1720384B9B6AA1
:10175C001D050AD5384B0122029300233349184644
:10176C00CDE9003305F020FB1820314DAB6A9C0508
:10177C000FD50024314B0122029320462346CDE99C
:10178C0000442A4905F010FBAB6BAA6A10042AD45A
:10179C001920274B9B6A59050AD5294B0122029324
:1017AC00002322491846CDE9003305F0FDFA1A2032
:1017BC001F4A936A13F4807327D0224B01220293A1
:1017CC0000231A491846CDE9003305F0EDFA1B2029
:1017DC00174A936A43F47F4393620023337005B036
:1017EC00F0BD1620B2E70393174B0094CDE90143EB
:1017FC00012223460D49204605F0D6FA002FC7D00A
:10180C00AB6A23F40043AB62C2E7926A9204DFD561
:10181C000E4A1846CDE9013200930122034905F026
:10182C00C3FA1C20D4E700BFC7900000DC8800007E
:10183C0000ED00E0DD900000EE9000000191000052
:10184C002F9100004A9100001A9100006291000053
:10185C00F0B50024424B85B00293074623460E4652
:10186C00CDE9004401223F49204605F09DFA3E4B4C
:10187C009B6ADD0660D53D4B2046CDE901430094C3
:10188C0023460122374905F08FFA1120364B9B6A0B
:10189C001C070AD5364B0122029300233149184606
:1018AC00CDE9003305F080FA12202F4DAB6A990771
:1018BC000FD500242F4B01220293CDE9004423467F
:1018CC002849204605F070FA6B6BAA6A120635D4CB
:1018DC001320254B9B6ADD070AD5274B0122029367
:1018EC00002320491846CDE9003305F05DFA142099
:1018FC001D4B9B6A9C060AD5204B012202930023A8
:10190C0018491846CDE9003305F04EFA1520164B50
:10191C009A6AD10658BF9A6A9A6A920642BF5A6A64
:10192C0022F400525A62104A936A43F0FF03936206
:10193C000023337005B0F0BD1020A7E70393104BC4
:10194C000094CDE90143012223460649204605F0C7
:10195C002BFA002FBCD0AB6A23F08003AB62B7E745
:10196C0091910000DC88000000ED00E0A7910000E0
:10197C00EE900000DA9100000892000062910000E5
:10198C00F29100002DE9F0417E4B90B0D3F8048029
:10199C000026C8F3080486F31188BFF36F8F02F09A
:1019AC007F43B3F17F4F0DD102F00C03082B0BD109
:1019BC00754B0096CDE901630122334673493046DD
:1019CC0005F0F2F9354604E012074EBF0D46054608
:1019DC0001260027E31E8DF81F70092B00F2B7803B
:1019EC00DFE803F005ABAFA8B5B5B5B5B5B3684B3B
:1019FC000097CDE901730023012264491846DFF8F2
:101A0C00848105F0D1F98DF81F70D8F82C4014F0B2
:101A1C0002040AD05F4BCDE9017300230097012229
:101A2C005A49184605F0C0F932E0D8F82C30002B92
:101A3C002ADA594B0094CDE901430122234653493C
:101A4C00204605F0B1F99DF81F30D3B908AA05F16D
:101A5C002007134628686968083503C3BD421A4637
:101A6C00F7D10F9B002E00F08780C3F3080222B938
:101A7C006FEA53236FEA43230F9308A92046FFF71D
:101A8C003DFD10B0BDE8F081D8F82C305B0001D4DE
:101A9C000024D8E7414B0094CDE9014301222346B1
:101AAC003A49204605F080F9D8F81430AA6943F475
:101ABC008073C8F81430BFF34F8FBFF36F8FD8F813
:101ACC00143032F8022C23F48073C8F81430BFF3AE
:101ADC004F8FBFF36F8F4DF602739A420BD0D8F82D
:101AEC00283013F0FF0F14D001200DF11F01FFF768
:101AFC00AFFE0446A7E72B6820460393284B0094BF
:101B0C00CDE9014301222346204905F04DF92C680B
:101B1C0099E7D8F8283013F47F4F05D001200DF148
:101B2C001F01FFF7F5FDE4E7D8F828301B0C1B0468
:101B3C00002BADD0FFF758FDDBE70DF11F010020A6
:101B4C00D5E70DF11F010020EBE7164B63E7164AB2
:101B5C0018F4F87F154B18BF1346103CCDE903342D
:101B6C000024134BCDE9004402930122234607497C
:101B7C00204605F019F966E723F4FF7323F00103FF
:101B8C007AE700BF00ED00E04C930000DC88000019
:101B9C00779300008E930000AF930000BD9300007C
:101BAC00DC930000F8930000339300001E930000B8
:101BBC001C940000064B5A6942F010025A615A6993
:101BCC0042F480625A615A6922F008025A617047E5
:101BDC0000ED00E0EFF30880EFF3098101B57246E8
:101BEC00FFF7D0FE01BD00BF0B4880F3088801F061
:101BFC0027FE202080F3118808484FF4006140181C
:101C0C0080F30988EFF314800221084380F31488D1
:101C1C00BFF36F8F00F0B0F838100020781100205F
:101C2C00084B9B6883420BD1EFF3058343B1064B02
:101C3C005A6842F080525A605A6A22F400425A6240
:101C4C0003F0CEBFE405002000ED00E013498A68E4
:101C5C004FF030001044EFF3098C80E8F01F202087
:101C6C0080F31288BFF36F8F0D4F4FF000664A69F7
:101C7C008A603E60506F0023536780F3118802F135
:101C8C00300090E8F01F8CF3098802F1000004B5D5
:101C9C0005F09EF8BDE8044070470000E405002004
:101CAC0004ED00E01EF0040F0CBFEFF30880EFF31F
:101CBC000980816911F8021C0229FFD001B5724616
:101CCC0005F067F801BD00BF03B2002B08DB012251
:101CDC0000F01F0002FA00F0024A5B0942F82300F0
:101CEC00704700BF00E100E003B2002B0DDB0122C6
:101CFC0000F01F0002FA00F05B09044A203342F89E
:101D0C002300BFF34F8FBFF36F8F704700E100E0EC
:101D1C00054B420953F82220012300F01F0003FA5F
:101D2C0000F01040704700BF00E100E003B2002B50
:101D3C0001F10101A8BF03F160434FEA4111B8BFA3
:101D4C00054BC9B2ABBF03F5614300F00F0083F83C
:101D5C0000131954704700BF14ED00E0044B054A02
:101D6C0023F07F039360BFF34F8FBFF36F8F7047E8
:101D7C000000000000ED00E008B5FFF7EFFF0B4A94
:101D8C00D2F8883023F47003C2F88830EFF3148350
:101D9C0023F0040383F31488BFF36F8F03F010FA5E
:101DAC0004F040F800F042F803F04AFA00ED00E0CD
:101DBC0042F8203C009B0B4942F81C3C019B21F053
:101DCC00010142F8183C029B42F8081C42F8143CF2
:101DDC004FF0807342F8043C0023203A02654367BD
:101DEC00704700BFD169000070B50C4B0E4698606F
:101DFC001546436E83F30B882C4686F30988002026
:101E0C00034B98472046002100220023014C204719
:101E1C00E56D0000D169000070BD00BFE405002035
:101E2C001022014B1A61704700ED00E000232020C6
:101E3C0040F20F1210B5044CE1180133934281F8B3
:101E4C000003F9D110BD00BF00E100E008B5EFF3CD
:101E5C000583064A103B02EBC30152F83300496874
:101E6C008847BDE80840FFF7AFBB00BF947F000078
:101E7C001FB5094C094A23460121094800F016F9FF
:101E8C0000230393074B0121E41A01A80193029448
:101E9C0000F016F904B010BD00F002200000002084
:101EAC00F48900008802002010B50C7A0B6823F02E
:101EBC001F0204F01F031A43CB68640923F01F03AD
:101ECC00044943EA440343F001038860CA600B6190
:101EDC0010BD00BF90ED00E01FB50D4B04461B6814
:101EEC00C3F30723013B98420FD90A4B039002938B
:101EFC0000230122CDE900330749184604F098FF6E
:101F0C006FF01504204604B010BDFFF7CDFFF9E7C4
:101F1C0090ED00E079940000D48800002DE9F04F9A
:101F2C008846144606460027534D89B047452DDA9E
:101F3C00D6F80490B9F1000F49D0B9F11F0F18D998
:101F4C0019F01F0F15D1D6F800A01AF01F0F10D1E1
:101F5C00504604F064FF834609EB0A00013804F094
:101F6C005EFF834516D06FF0150BCDF80CB0434BCC
:101F7C0001E0434B0397029300230122CDE9003388
:101F8C004049184604F054FF6FF01504204609B080
:101F9C00BDE8F08F1BF1160FE7D05C45E5DDC5F809
:101FAC0008B0E968C5F808B02B6921F01F0143F0AF
:101FBC001F0AD6E900321A44994202F1FF391BD1AB
:101FCC00CA4507D131465FFA8BF004F041FF013767
:101FDC000C36ABE73146C5F808B0EB6822F01F02AF
:101FEC0003F01F031A43EA60E0B204F031FF10F172
:101FFC00160FC9D0441CEAE7013BCA45E0B223F0F6
:10200C001F03C5F808B006D12A69314602F01F0239
:10201C0013432B61E9E7296901F01F010B432B6185
:10202C00314604F015FF10F1160FADD0C5F808B00D
:10203C00EA689DF818300AF1FF3A62F304038DF850
:10204C0018302B699DF818205B0863F347128DF844
:10205C001820D6E900321344049323F01F03534491
:10206C00A3EB0903013023F01F0304A9C0B20793AB
:10207C00FFF732FFBBE700BF90ED00E05694000085
:10208C0033940000D48800000522034B5A60BFF340
:10209C004F8FBFF36F8F704790ED00E0BFF35F8FF2
:1020AC000022014B5A60704790ED00E010B5034CD4
:1020BC002278FFF733FF207010BD00BF1A080020F4
:1020CC002DE9F74F254C8A4680460027A1464FF054
:1020DC00140B234D57451ADAD8F804300193002B12
:1020EC0036D0D8F800100846009104F098FEDDE9CF
:1020FC00001306465818013804F091FE8642194A1E
:10210C0008D014235F436FF0150349F8073003B070
:10211C00BDE8F08F16F1160F2660F8D01378B34295
:10212C00F5DD0BFB0793AE60AE60E868197B60F3DE
:10213C00040119732969187B490861F34710187356
:10214C00EB6823F01F0363602B6923F01F032361EB
:10215C000137143408F10C08BCE700BF8C040020D4
:10216C0090ED00E01A0800202DE9F043424C434E5C
:10217C0022683768C2F30722974287B078D80025C7
:10218C00FFF78CFF3E4B2363AF4217D13D4D01A8A7
:10219C002F70FFF769F9002607464FF04109DFF869
:1021AC00E880B74212D100212B782268C2F30722B3
:1021BC00934259DBFFF768FF00203FE07168284627
:1021CC0001EB0511FFF770FE0135DDE7DDF804C00A
:1021DC0031010CEB0103DA6802EA0802B2F5001FC8
:1021EC0015D0B2F5800F2CD0B2F5801F3AD15868BB
:1021FC005CF801209B68CDE902022122013B20F012
:10220C001F010B4423F01F038DF810200DE05868BC
:10221C005CF801209B6820F01F01013BCDE9020214
:10222C000B4423F01F038DF8109002A92878059316
:10223C00FFF752FE002812DA6FF0150007B0BDE868
:10224C00F08358689B685CF80120013B20F01F016B
:10225C000B44CDE9020223F01F030622D4E72B78AE
:10226C0001332B7001369CE7A360216101339CE79D
:10227C004FF0FF30E2E700BF90ED00E0008A000075
:10228C00AAFF44001A0800200000F0FFF0B587B048
:10229C0007460E4614460021102268461D4605F0DE
:1022AC0045FC02238DF80230054B2A462146684630
:1022BC000193CDE9047603F01FFF07B0F0BD00BF1A
:1022CC00936E000008B5024B1B689847002008BDB0
:1022DC00A0040020034B044A1860937843F00203D7
:1022EC0093707047A0040020A000002008B5064998
:1022FC00064821F00701C1F1005202F53C3204F00E
:10230C00F2FA002008BD00BF7F190020A4040020B1
:10231C0008B5244A244B1A6000F060F84FF47A6038
:10232C00224AD2F82416C1F30803C1F309414143F0
:10233C0083F480731E48883300FB03134FF4FA2098
:10234C005B00B3FBF0F100FB1133B3F57A3F13469E
:10235C004FF47A60174A28BF0131C2F80419D3F838
:10236C002016C1F30803C1F30941414342F604109E
:10237C0083F4807303F2172300FB03134FF47A707A
:10238C001B0AB3FBF0F100FB1133B3F5FA7F28BF46
:10239C0001311346C2F81C170122C3F80026002095
:1023AC0008BD00BF0020A1078401002000C0FF0071
:1023BC00102700800000125048B1054B1A68054BDD
:1023CC00B2FBF3F2044B504343F001031847704740
:1023DC008401002040420F00508900000122024B72
:1023EC00C3F80424704700BF002008E0084B70B508
:1023FC00C31A0D4607499B10044659434022064810
:10240C0004F055FD2B4601462046BDE870401847A8
:10241C00C0040020B76DDBB6087E000010B5EFF3EA
:10242C001184202383F31288BFF36F8F074A13683C
:10243C0023F00201DB07116002D4012005F0F0F853
:10244C0084F31188BFF36F8F10BD00BF10050020FF
:10245C0070B500220121044640F20510FFF766FC1E
:10246C000F4801F00DFB0F4B984215D101F018FBF2
:10247C0026690D49304604F0FDFA00280BDB0125D6
:10248C0035642469084904F11C0004F0F3FA0028AF
:10249C0001DB0020E56470BD6FF00400FBE700BFBA
:1024AC00376F00000000AD0B408A00000C23104A6F
:1024BC00014603FB0023002030B4D3E90E5298638D
:1024CC00EFF31180202484F31288BFF36F8F1C6C00
:1024DC0004F0C00444F002041C6480F31188BFF3C0
:1024EC006F8F1DB12B4630BC0248184730BC70476B
:1024FC00C0040020087E000010B4EFF311802022ED
:10250C0082F31288BFF36F8F16490B6843F00204F5
:10251C0013F001030C6017D0134BD3F80C3413F4E5
:10252C00803311D0EFF3118182F31288BFF36F8FD8
:10253C000E4A136C03F0C00343F00203136481F3DF
:10254C001188BFF36F8F012380F31188BFF36F8F56
:10255C001BB1002010BCFFF7A9BF012010BC01F07B
:10256C00BBBA00BF1005002000E01050C0040020D2
:10257C001FB500220123CDE902236B46084ACDF892
:10258C0000D0CDF804D004F0DAFC002805DB43F6CB
:10259C0009520023684602F0C3FF05B05DF804FB46
:1025AC00316F00001A4BF0B4C21A0D469110194A43
:1025BC004A43D2B2EFF31186202181F31288BFF384
:1025CC006F8F0C2404FB0234216C01F00707012FE0
:1025DC0011D140212164002186F31188BFF36F8F44
:1025EC0091B90C214A430C491344C3E90E150B4B0A
:1025FC00F0BC9B58184701F0C001402914BF4FF0A4
:10260C00FF316FF07701E7E72B46F0BC184700BFAE
:10261C00C0040020B76DDBB6136F0000288A0000E1
:10262C002DE9F843012206463549D1E8EF3FC1E8D0
:10263C00E02F0028F9D133B9324933484B60CB60D5
:10264C008A6004F02AFA731E012B2BD8012E06D1B6
:10265C002E4BD3F8503403F00303012B22D005F09A
:10266C009BF918B92A4B1B78002B41D1EFF3118938
:10267C00202383F31288BFF36F8F0124234D254F42
:10268C00A846D5F84C24D5F84C34D2030CD503F01D
:10269C000303012B01D0012E06D12CB389F3118831
:1026AC00BFF36F8FBDE8F883CCB1484604F0A8FBAC
:1026BC00D5F8403413F0FF03E3D13A68002AE0D098
:1026CC003B603B6820210123134AC5F84034C2F813
:1026DC00A01102F1E242A2F1F0121360D1E7002145
:1026EC00202003F023FAE3E70423C8F80433D9E7E6
:1026FC000422064B0446C3F808238146BEE700BFFC
:10270C0014050020B0040020DC04002000E0105070
:10271C003008002008E1105000E100E008B507483F
:10272C0005F0EAF838B10648FFF7D4FD0448FEF787
:10273C0097FA002008BD6FF01200FBE7BC7E00008A
:10274C00512700000A2838B50446074D04D1AB6860
:10275C000D215B6828469847AB68E1B25B6802487C
:10276C009847204638BD00BFBC7E00004309022BB1
:10277C0070B503D0012B16D0BBB170BD0C4C2369C6
:10278C0059680029F9D0012600F01F000D68864019
:10279C008A68324002D04B6820469847002DECD016
:1027AC0029462D68F4E7034CE9E7034CE7E700BF43
:1027BC00507E00002C7E0000747E000070B54468D2
:1027CC0006462369E3B11034204601F029FE054684
:1027DC00B0B90146204601F0DFFD0E4B984215D1F1
:1027EC002A460D49204601F0ABFD2A460121DB208B
:1027FC00FFF79CFA2A46012140F20D10FFF796FADA
:10280C003046BDE87040054904F093BA6FF00400FF
:10281C0070BD00BF0000AD0B7927000047700000B1
:10282C002DE9F04340F206384668D00648BF032530
:10283C00337B02EA080858BFC2F3401587B001F099
:10284C001F07B8F5807F144647EA43178DF80350ED
:10285C004AD00BD8B8F1020F1BD0B8F1060F46D0F6
:10286C00B8F1000F15D06FF015003AE0B8F5007F05
:10287C0040D005D8B8F5837FF5D14FF0090808E0B2
:10288C0040F20222904538D0B8F5407FEBD14FF0A2
:10289C0005080123220303FA01F131D5736859604D
:1028AC00306990BB07F01F027F09022F7AD83F4B8B
:1028BC0084F4803153F82730C1F3004103EB8202DA
:1028CC00D2F88030C4F3404423F4706344EA4104EA
:1028DC0023F00F031C4344EA850444EA0824C2F89D
:1028EC00804007B0BDE8F0834FF00108D1E74FF00E
:1028FC000808CEE74FF00408CBE74FF00608C8E70E
:10290C00630344BF73689960CAE710360DF1020285
:10291C003946304601F022FD14F4403F81460CD17B
:10292C003946304604F052FF214B994514D19DF89D
:10293C000210304601F082FD0EE0002501AB03AA27
:10294C0039463046CDE90435CDE90155039501F002
:10295C0059FB174B984201D00020C2E714F4003306
:10296C0015D09DF8033084F48034C4F300448DF802
:10297C000E3003AA2B46394630468DF80C808DF864
:10298C000D4001F03FFC0A4B9842CDD0E4E7CDE975
:10299C00043303AA0DF1030339463046039301F0C7
:1029AC0031FBF0E7203250F82230FFDE4C8A000079
:1029BC000000AD0BF0B5406801F01F04057B87B03B
:1029CC0044EA45140569002D70D0B2F5001F00F1E2
:1029DC00100506D12146284604F0FAFE002007B067
:1029EC00F0BD002701AEB2F5800F019777603AD1A8
:1029FC00B3F1007F0CBF042305238DF804300023B2
:102A0C00CDE90463039383680DF1030623FA01F106
:102A1C0011F001013CD1B2F1A07F39D1620904F06F
:102A2C001F03022A03F1200346D8254951F822201E
:102A3C0052F82330DB072BD432462146284601F0CE
:102A4C008DFC204B984219D0029603AA21462846A9
:102A5C0001F0D8FA1C4B98422BD101222146284672
:102A6C0001F000FDBAE7B3F1C06F05D0B3F1007F00
:102A7C000CBF02230123C0E70323BEE731462846DF
:102A8C0001F0E6FC104B9842DED06FF00B00A6E78D
:102A9C0032462146284601F061FC0B4B9842D4D1BA
:102AAC009DF80310284601F0C9FCCEE76FF08500B5
:102ABC0095E76FF0150092E751F82330FFDE00BF69
:102ACC004C8A00000400AD0B0000AD0B30B587B094
:102ADC00194C204604F010FF0346E8B92268009018
:102AEC000392164A1649CDE90102012204F0ABFA11
:102AFC006FF01205284607B030BD236801220393FE
:102B0C00104B0595029300230492CDE900330C4938
:102B1C00184604F098FAEDE72269A168136820467C
:102B2C0023F0020313600B68002201219847051E55
:102B3C00E3DB0025DEE700BF747E00000695000095
:102B4C00B48800001D950000036803F01F025B09A8
:102B5C00022B02609ABF024A52F8230000207047F1
:102B6C00A08A00002DE9F04F9246074640F2FF186C
:102B7C00DFF85C9185B000EB81018F4201D1002020
:102B8C001AE03B68C3F3C322082AC3F3080400F21B
:102B9C009A804E481B0E444508BF4FF0FF34052B5E
:102BAC00865C71D040D8022B6BD008D8002B54D047
:102BBC00012B62D06FF0850005B0BDE8F08F032BC0
:102BCC0067D0042BF6D14FF0000BCAF80046621CFC
:102BDC0028D003A801250394FFF7B6FF039B05FA41
:102BEC0003F383603A6803A802F40043002B0192BC
:102BFC001CBF4FF0010B00250394FFF7A5FF039BAF
:102C0C00019A00EB8300D0F88030C2F341223602E7
:102C1C0046EA8202154303EA09031D4345EA4B05C4
:102C2C00C0F880500437A8E70C2B35D00CD8062BF5
:102C3C002FD00B2BBED1CAF8004606BB00250826A8
:102C4C00601CEFD0AB46CDE7152B28D0382B29D004
:102C5C00142BAFD1CAF8404518E0CAF80446631CDF
:102C6C00E0D04FF0010B03A80394FFF76DFF039B1B
:102C7C005D460BFA03F34360B4E7CAF80C46002533
:102C8C00DEE7CAF81046EAE7CAF804464FF0010B33
:102C9C009DE7CAF80846F2E7CAF80446CDE7CAF839
:102CAC004445ECE703A80394FFF74EFF039B012573
:102CBC0000EB8300D0F8802022F0E04242F080420A
:102CCC00C0F88020BCE76FF0150075E76095000038
:102CDC00F0F0FCFF7FB50BAB05930393054B012282
:102CEC0002930023CDE900331846FEF7A5F907B08F
:102CFC005DF804FBA0950000F0B5446887B006466B
:102D0C0004F0D1F9A06A002847D004F0F5FD034681
:102D1C0070B9A26A2249126800900392214ACDE947
:102D2C0001020122FFF7D6FF6FF0120007B0F0BDD1
:102D3C00B4F82EC0A06A94F82C104CF40032012385
:102D4C00076903FA01F53B681CF0010F14BF2B4314
:102D5C00AB43D0F808E03B60DEF800309847002821
:102D6C00E4DBA06A94F82C400569836805A95B68CC
:102D7C00984700280FD12B68059A5A400123A3408D
:102D8C001A4214BF01200020011C18BF012130463B
:102D9C0004F002FACAE7C9DBF6E70146F7E700BF21
:102DAC00EC880000A095000030B4426853691468A8
:102DBC00C4F82435D18B938B957E0B43118C0B432C
:102DCC00518C0B43517E127E29430A431343C4F8A2
:102DDC006C3541680B68D3F8002242F48022C3F8AA
:102DEC0000220822C3F800254A6A0121C3F83C27B7
:102DFC000022C3F840271965D3F830110029FBD005
:102E0C00C3F80025014930BC03F093BF8373000065
:102E1C002DE9F74304468846466804F0BDFDA0B989
:102E2C002B4B1B788BB14FF02009642563681B6812
:102E3C00D3F8303103BB012004F0F0FB013DF5D198
:102E4C000021202002F072FEEFE72022EFF3118325
:102E5C001F4682F31288BFF36F8F61680968D1F83F
:102E6C003011B1B983F31188BFF36F8FEEE783F3A1
:102E7C001188BFF36F8FE3E7EFF311831F4689F3DC
:102E8C001288BFF36F8F62681268D2F83021002A63
:102E9C00EDD0736A0DF1070183F80080636820465A
:102EAC00766A1D6803F030FF9DF807204AB90123AC
:102EBC00C5F83C67C5F84037C5F83021D5F8302146
:102ECC002B6587F31188BFF36F8F03B0BDE8F083D8
:102EDC00300800202DE9F0434468066987B00746A6
:102EEC000021E06B04F0E1FA051E14DB216C481C98
:102EFC0019D004F1440000F049FB10F1130F054602
:102F0C000DD12F4B029300230122CDE900332D4923
:102F1C00184604F0ECFA284607B0BDE8F083411DD2
:102F2C0001D1294BEEE74FF00108636B9847B46869
:102F3C00D6E9023203EBC2039C4209D3304604F0BB
:102F4C0021FB3846214907B0BDE8F04303F0F1BE40
:102F5C00206804F0D1FC034678B92279194904920F
:102F6C0022686FF01205126800900392184ACDE99E
:102F7C000102012204F0BBFACDE720682179E38835
:102F8C00D0F810C0DA07DCF8005054BF43F4B0138B
:102F9C0083F4D01323F4801208FA01FEDB07D0F877
:102FAC0008904CBF4EEA050525EA0E05CCF80050FA
:102FBC00D9F800309847051EADDB0834B8E700BFE0
:102FCC00FC950000FC880000279600001975000095
:102FDC00449600002DE9FF4104690646A26C236D5E
:102FEC003AB95BB91946304604F0EEFA04B0BDE8C4
:102FFC00F081002B42D0934228BF13467768616C56
:10300C003D8FD4F84C809D4228BF1D4669B162B1FA
:10301C0001F06043B3F1005F07D0082D28BF0825ED
:10302C00206E2A4604F074FD216EE36C5BB1226DB8
:10303C004AB108F06042B2F1005F04D0082D28BFFD
:10304C000825D4F86480626CA56500911AB1A26C55
:10305C00002A18BF2A46CDE901281BB1236D002B8D
:10306C0018BF2B46002269463846039301F0AAFE8E
:10307C00034B9842BAD06FF00401B4E71346BDE796
:10308C000000AD0B1FB50378002B6CD10C69A26D41
:10309C003AB96FF07301606D04B0BDE8104004F0F4
:1030AC0093BAE36C4BB1216D39B1C16829B1994226
:1030BC0003D0616E184604F02BFDA36C63B1A26DB6
:1030CC009A421ED9294B0122029300232849CDE9AB
:1030DC000033184604F00BFA236D63B1A26D9A42CB
:1030EC0028D9224B0122029300232149CDE9003338
:1030FC00184604F0FCF9606D04B0BDE81040FFF711
:10310C0069BF9B1AA3647BB9636B04F14802083353
:10311C006363A36B04F13801013BA36304F1340036
:10312C0004F0D2F96064D7E7636C002BD4D013445D
:10313C006364D1E79B1A23657BB9E36B04F15002FE
:10314C000833E363236C04F14001013B236404F175
:10315C003C0004F0B9F9E064CDE7E36C002BCAD075
:10316C001344E364C7E704B010BD00BFDE95000054
:10317C00FC8800002DE9F04F93B005934368074697
:10318C0006938B8888469D049246046938D44FF088
:10319C00FF324FF0FF3304F1100002F0C1F9C4F814
:1031AC000480D7F804B0D7F81090DBF808300793F8
:1031BC0099F85D3023B1D9F80030984500F0EE80D5
:1031CC00B8F8045015F4006321D0BB4B01220293D4
:1031DC000023BA49CDE90033184604F088F96FF0A2
:1031EC008505236813B19B889B0405D40023636079
:1031FC0004F1100002F060F9284613B0BDE8F08F1E
:10320C00A369002BC3D163689942CAD0BFE715F0FC
:10321C0001020DD03A6800930392A94AA749CDE95F
:10322C0001321846012204F062F96FF01505D8E757
:10323C0015F008030AD0A34B0092CDE901231346E5
:10324C0001229E49184604F052F9EEE7C5F34512E7
:10325C00082A04D09C4ACDE901320093F0E7D8F853
:10326C0000E09A4A964501D8994AF4E708AE0BF16A
:10327C000C0CBCE80F000FC6BCE80F000FC6079B78
:10328C009CE80300734528BF73469E46914B86E825
:10329C0003009E4562D8A3F57403A3F510539E4515
:1032AC005ED8A3F5F403A3F590539E455AD88A4BE8
:1032BC009E4559D8894B9E4558D8894B9E4557D821
:1032CC00884B9E4556D88849884B894A8E4598BF6D
:1032DC001346A8070D9305F004034DD5002B14BF1E
:1032EC00032302238DF83830C5F300138DF83930E1
:1032FC00DBF80030D3F80036591C0FD0C5F340056D
:10330C0003F01F027B495B09002D39D1022B00F21F
:10331C00378151F82310012393408B6099F85D306D
:10332C002BB1584601F002FD002389F85D303B4675
:10333C00714A08A9584601F0C7FC704B984228D036
:10334C006F4B0390029300230122CDE900335B49BC
:10335C00184604F0CCF86FF0040542E7694BB8E767
:10336C00694BB6E7694BB4E7694BB2E7694BB0E719
:10337C00694BAEE7694BACE7003318BF0123B1E7EB
:10338C00022B00F2FF8051F82310012393404B6075
:10339C00C4E70123C9F8008089F85D30012384F863
:1033AC005C30069B196C4A1C0FD003F1440000F0F2
:1033BC001DF9743009D15A4B0222029300233F4964
:1033CC00CDE90033184604F092F8BAF1000F40F042
:1033DC00AB805346C4F834A0A36304F1480204F153
:1033EC00380104F1340004F06FF8059B6064002B85
:1033FC0040F0A380E363236404F1500204F1400124
:10340C0004F13C0004F060F80025E0642A46012138
:10341C002046256304F096F83846FFF7DBFD2A4674
:10342C002B46A06B834240F0918000210B46256C0B
:10343C00AB4240F092808A4238BF0A4626464FF48F
:10344C00FA5156F8203B51431A6847F61220B1FB4B
:10345C00F2F140F2E7384FF00009C831E0FB018986
:10346C004FF47A72002340464946FDF701F80246B4
:10347C000B46304602F054F80246002874D0294B13
:10348C000122029300230D49CDE90033184604F0C4
:10349C002EF800250698A56501F048FC84F85D50CF
:1034AC006FF07301384604F08FF8304602F060F884
:1034BC006FF0730595E600BF68960000FC8800006D
:1034CC0082960000A4960000C396000047E8010015
:1034DC00F2960000FF47E801FF083D007F841E00C4
:1034EC003F420F001FA107008FD0030090D00300B4
:1034FC0048E801001C8C0000913000000000AD0B6E
:10350C00239700000048E8010024F40000127A0020
:10351C0000093D0080841E0040420F0020A10700DE
:10352C004A97000074970000DAF800306363002BB0
:10353C003FF452AFDAF804304EE7059B1B68E363A7
:10354C00002B3FF458AF059B5B6854E7616B01EBB4
:10355C00C301496801330A4464E7E06B00EBC30024
:10356C0040680133014463E7256B15F1740F90D06B
:10357C00002D3FF436AE0146386903F0E3FF30E628
:10358C00AD60FFDE00235B60FBE700BF0123F0B5FD
:10359C0087B08DF80230022300248DF804306B4480
:1035AC0003930F4601AB0DF1030104930546029101
:1035BC00059400F04DFF0C4B064698420FD103AA20
:1035CC003946284600F01EFDB0420BD09DF8031082
:1035DC00284600F033FF6FF0040007B0F0BD6FF029
:1035EC001200FAE72046F8E70000AD0B2DE9F04198
:1035FC000D46064604F0EEF80022074629463046F2
:10360C0000F030FF6B09022B05F01F042BD8184A71
:10361C0052F8233003EB8404D4F88020154B13406C
:10362C0043F00C03C4F8803003F0E8FF80463368A5
:10363C00DB597BB100273046294604F0C9F8D4F891
:10364C0080200C4B3846134043F00403C4F8803000
:10365C00BDE8F08103F0D2FFA0EB0800C728E6D943
:10366C006FF07307E7E70023203453F82430FFDEB4
:10367C00B08C0000F0F0FCFFF8B516461F4603F0C6
:10368C00B4FFB94208BFB04213D30A4CD4E9005C72
:10369C00711B21F01F0367EB0C005B1940EB0C0254
:1036AC004909C4E90032BDE8F84041EAC06002F0C3
:1036BC0099BCF8BD9002002010B500220121E42035
:1036CC00FEF734FB174A0020D2F8183723F44033A6
:1036DC00C2F8183700F09AFF134B0446984208D1F1
:1036EC001249012001F024F8A04205D0104B984259
:1036FC0014D04FF0FF3010BD03F077FF67220D4B55
:10370C0020F01F00C3E900010B4BC3E900010B4B78
:10371C0002201A60FEF784FF0020ECE76FF00B002C
:10372C00E9E700BF00200E500000AD0B8001002027
:10373C000200AD0B9002002088020020AC05002096
:10374C0008B503F052FF054AD2E90032C31A61EB07
:10375C0002015B0943EAC16008BD00BF9002002072
:10376C00F7B5431C14BF20EAE0766FF0004603F077
:10377C003CFF104BD3E90027841A61EB070520238B
:10378C0020462946C3FB0601002908BF402836BF46
:10379C0020240B4600234FF0010128BF20F01F040A
:1037AC001219009147EB0303034801F025F803B00D
:1037BC00F0BD00BF9002002078010020054B186876
:1037CC00043B1B681C2B03D1431E584258417047C5
:1037DC000020704744C3FF0003689A070CD50368A8
:1037EC00DB070DD50922074BC3F80C250F22C3F8B4
:1037FC00042501221A60FEE7034B0360EF3B0360D4
:10380C00704700BF00801050F000FA5003689A0710
:10381C000CD50368DB070DD50922074BC3F80C2523
:10382C000F22C3F8042501221A60FEE7034B036044
:10383C00EF3B0360704700BF00801050F000FA505F
:10384C00012208B52F4B3048C3F80028FFF7C4FFFE
:10385C002E48FFF7C1FF2E48FFF7D8FF2D48FFF782
:10386C00D5FF2D48FFF7B8FF2C4AD2F88C3043F423
:10387C004063C2F88C300022D30003F57F0303F5BC
:10388C004043D3F8001401310AD0D3F8001439B1F5
:10389C00D3F800140132D3F80434402A0B60EBD176
:1038AC001F4B1A6852B3FFF789FF38B11D4B1A68CA
:1038BC001D4B9A429EBF1D4B1D4A1A60FFF77EFF9F
:1038CC0010B11C4B1C4A1A60FFF778FF38B1342238
:1038DC001A4B1A601A4A136823F40023136003234B
:1038EC00184A0E49C2F81835D1F88C3043F44063AD
:1038FC00C1F88C300023C2F8A03508BDC8221A606C
:10390C00D1E700BF0000125000C50D5008C50D5086
:10391C0010C50D5018C50D5000C70D5000ED00E03E
:10392C004004125034C3FF00001D0A184006125008
:10393C0040E0A91EACA7085078000A0424061250D7
:10394C003C06125000B0045070B501250268AAB1B3
:10395C00B2FA82F3C3F11F03DBB205FA03F422EAD5
:10396C000404D0E8EF6F964204D1C0E8EC4FBCF1F0
:10397C00000FF6D1EAD102480B7070BD0148FCE78C
:10398C000000AD0B0200AD0B10B50268CA40D307A6
:10399C0010D401238B40026843EA0201D0E8EF4FB8
:1039AC00944204D1C0E8EC1FBCF1000FF6D1F2D167
:1039BC00014810BD0148FCE70000AD0B0400AD0B45
:1039CC00F7B5054660B3012828D104224FF4807363
:1039DC007121284802F1A042C0F80813012102F518
:1039EC0087121160002203F1A04303F587131A60BC
:1039FC001B68214B1B681C2B03D18D4204BF1F4B32
:103A0C001D60002442F21076012D1A4F8DF80740EC
:103A1C0008BF0DF1070445B1012D1CD003B0F0BD5A
:103A2C0014224FF484730421D3E7D7F84C34C3F336
:103A3C000043DCB1D7F84C2402F003022270002BB7
:103A4C00ECD09DF80730002BE8D1012003F0E6FD07
:103A5C00013EE0D1E2E7D7F80C3403F48032C3F333
:103A6C0000431CB1B2FA82F25209E7E7002BECD109
:103A7C00D4E700BF00E0105040C3FF000CE0105032
:103A8C00044B1A7922B9012218601A710248704746
:103A9C0002487047B00500200000AD0B0C00AD0BC8
:103AAC0008B50A4B1B6843B140F20510FEF730F91C
:103ABC0018B940F20510FEF707F90022044BC3F8C1
:103ACC0040240122034B1A7008BD00BFB005002032
:103ADC0000E010502F08002010B510B1012844D080
:103AEC0010BD2F4AD2F84C14D2F84C34C90324D54B
:103AFC0003F00303012B04D01BB10020FFF760FF80
:103B0C000023274A0420C2F8403410234FF4847257
:103B1C00002102F1A04202F5871211601468012401
:103B2C0003F1A04303F587131C601E4B1B68002B8D
:103B3C002FD01B4BC3F80403D2E7D2F8483413F050
:103B4C000103DED0D2F850349B07D6D4154B1B683A
:103B5C003BB9154B1A68002AFCD000221A601B686E
:103B6C00BEE70423C2F80433BAE700230F4A1360FC
:103B7C0012680F4A136012680E4A136012680E4ADC
:103B8C0012681C2A04BF0D4A10604FF48072712019
:103B9C00BEE71368002BFCD011601368A0E700BFD0
:103BAC0000E01050B005002008E1105010E110505A
:103BBC0018E1105014E1105040C3FF0008E0105001
:103BCC0070B51F4C1F4DD4F80C331F4E03B970BD8C
:103BDC00B3FA83F30021C3F11F039A0002F580723C
:103BEC0092B202F1A04202F5871211601268012212
:103BFC00D8B202FA03F3DBB2102BC4F8083311D09D
:103C0C00402B1AD0042B14D1D4F84C14D4F84C14E7
:103C1C0089070ED1C4F84024C4F804333260D4F8B8
:103C2C000C33D3E7094B597129602B682023C4F856
:103C3C000433064B1B689847F1E7044B5971F8E7BE
:103C4C0000E0105014E1105010E01050B0050020AE
:103C5C00036803F01F025B09022B02609ABF024A41
:103C6C0052F8230000207047BC8C0000034A430923
:103C7C00D35C00F01F001844C0B27047B29700002C
:103C8C0010B504460846FFF7F1FF362303FB04008A
:103C9C00034B083033F81000C0F3401010BD00BFC8
:103CAC008801002010B504460846FFF7DFFF3623D5
:103CBC0003FB0400024B083033F81000400B10BD1E
:103CCC008801002070B504460846FFF7CFFF362266
:103CDC002379184902FB0303083331F813200846F3
:103CEC0012F4807F25D0C2F3432122F4F85220F83D
:103CFC0013206C220026237902FB0302103232F8C7
:103D0C00025B15F4807F03D0C5F34325A94210D084
:103D1C000136232EF3D16C220025534303EBC10350
:103D2C00C5502379BDE8704002FB03006030FFF7FB
:103D3C002BBE70BD88010020F0B50023074687B06C
:103D4C00124E134D019103AC16F8012B06A901EB91
:103D5C00D20111F8141C02F0070221FA02F2D20768
:103D6C0005D40133032BEFD1002007B0F0BD95E84B
:103D7C00070084E8070054F823100A6A47F8232048
:103D8C000A62002AEDD00120EFE700BFC2970000C5
:103D9C003089000010B504460846FFF767FF36224D
:103DAC00237902FB0300044B083033F8100080F039
:103DBC000200C0F3400010BD880100202DE9F34142
:103DCC00054608460C46FFF751FF36222B79204E4C
:103DDC0002FB0303083336F813300746DB0734D5F0
:103DEC00284603F0CEFC95F8048021464046FFF7A8
:103DFC0047FF58B14046FFF755FF2B6800B203EB65
:103E0C0080000023C0F81035C0F810352146284634
:103E1C00FFF758FF36232879019403FB0070002329
:103E2C00083026F8103001A8FFF712FF019B00EBB9
:103E3C008300D0F88020074B134043F00203C0F8F6
:103E4C008030054802B0BDE8F0810448FAE700BFB5
:103E5C0088010020F0F0FCFF0000AD0B0400AD0B5E
:103E6C002DE9F04F0E46D0F81413B26DC9B287B0DD
:103E7C0041F40031824603F05DFC820307462ED5E7
:103E8C000023716E03A8CDE903330593FFF754FFAC
:103E9C00DFF86891DFF868B10DF10C0819F8013BF7
:103EAC0006EBD30292F8642003F0070322FA03F323
:103EBC00DB076CD4504B08F104084B450BF1010B9C
:103ECC00ECD14FF400310022504603F033FC716EFC
:103EDC0003A8FFF731FF0028DAD127F400370124BB
:103EEC00002F73D107B0BDE8F08F93FAA3F3B3FAA8
:103EFC0083F39BF80040019343EA44142046FFF7F8
:103F0C00B5FE083036F81010019B890801F0070542
:103F1C00EAB200920122D80818F800C003F0070397
:103F2C0002FA03F32CEA030308F8003002A8029407
:103F3C00FFF78EFE029B11F0040F03F1200350F8E3
:103F4C002330009AC3F3014326D021463046DDB21C
:103F5C0003F0BFFB02A80294FFF77AFE029B20330A
:103F6C0050F82330C3F301439D4207D10021204672
:103F7C0003F0A0FB2946204603F09CFB02A8029408
:103F8C00FFF766FE0122029B02FA03F30362D8F8E4
:103F9C000030002BA9D18DE7022B0CBF032102218D
:103FAC0020460192009303F085FB032D019A04D067
:103FBC00009B022B06D1012AE0D12146304603F0AA
:103FCC0088FBDBE7032BD9D1022AF5E797FAA7F395
:103FDC00B3FA83F304FA03F20AEB8303D3F8101554
:103FEC0027EA0207D3F81025C1F30811C2F30142E6
:103FFC00304603F06EFB73E7C5970000C2970000D4
:10400C00C29700002DE9F043174685B004460846D8
:10401C000D46FFF72BFED7F800900646B9F1000FBE
:10402C0036D036222079744B02FB0062083233F80A
:10403C001220984612F0020F06D0FFF721FE18B19D
:10404C006E4805B0BDE8F08300224B468DF80E207B
:10405C008DF80F20CDE900220DF10E010DF10F02AC
:10406C00284603F0DFFA3620227900FB0262083280
:10407C0038F8121021F0020128F81210237900FBF5
:10408C000363083338F8132042F0010228F8132098
:10409C007B683BB34FF0360E217918780EFB01612B
:1040AC00D3F804C0544B083133F8112012F0020F2E
:1040BC001DD0BCF1000FC3D14FF0360E21790EFB91
:1040CC000161083133F811C02CF01C0C23F811C01D
:1040DC0022790EFB0262083233F8121041EA80009A
:1040EC0023F81200BB68002B46D14548A9E722F4FF
:1040FC00604222F0200223F81120BCF1000FDBD02B
:10410C0003289DD87A682168526892F800C00FFA8B
:10411C008CF230B901EB8201C1F81005C1F8100521
:10412C00CAE792001144D1F8108528F00308C1F8B1
:10413C00108521680A44D2F8101521F4473121F476
:10414C007C71C2F8101541F6F071D2F8108501EAB5
:10415C00051148EA004841EA0801C2F81015227915
:10416C000EFB0262083233F8121041EA4C3C4CF060
:10417C00200C23F812C09FE72946D3E9008720467C
:10418C00FFF7A0FDB8F1000FAFD06C2320791A4DCA
:10419C004343EA18EB58984504D153689F4201D128
:1041AC0000210DE06C2303FB00500DF10F0160307A
:1041BC00FFF7CAFB124B98427FF443AF9DF80F10E8
:1041CC004FF06C0C2379C8000CFB030345F80380FB
:1041DC0022790CFB02022A4457603622237902FB17
:1041EC000366083635F8163043EA412343F48073EE
:1041FC0025F8163079E700BF880100200400AD0BCC
:10420C000000AD0B2DE9F043044685B008460E4680
:10421C0091461F46FFF72AFD0546B9F1000F34D031
:10422C002046FFF7B7FD94F8048020B14046FFF715
:10423C0027FD002879D1362202FB08583C4B08F1A7
:10424C00080833F81820984612F01C0F03D099F880
:10425C000130012B69D001238DF80F30002309F1B7
:10426C000102CDE900930DF10F0109F10203304673
:10427C0003F0D8F93622237902FB0353083338F8BC
:10428C00132042F0030228F813201FB9294805B067
:10429C00BDE8F08331462046FFF77CFD002844D171
:1042AC004FF0360C397823684FEA810E7344C3F80B
:1042BC001005C3F8100523791D4A0CFB0353083372
:1042CC0032F8130020F4604020F0200022F8130094
:1042DC007B78002BDAD0B87827681B047744D7F8A2
:1042EC001085DFF858E003F4403308EA0E0EC7F8E7
:1042FC0010E5D7F810E5000543EA0E0341F6F07E11
:10430C000EEA061600F4801033430343C7F8103549
:10431C0020790CFB0050083032F8103043EA413160
:10432C0041F0200122F81010B0E70348AFE700BFBE
:10433C00880100200000AD0B0400AD0B0FE0ECFF7A
:10434C0070B56C260479044D06FB0454A160037906
:10435C0006FB0353DA6070BD8801002070B5047948
:10436C0015462046FFF78CFC68B10846FFF77EFC2B
:10437C00362303FB0400054B083033F81030044897
:10438C005B0B2B7070BD0348FCE700BF880100205D
:10439C000000AD0B0400AD0B2DE9F0418046067911
:1043AC006C201C4D00FB065797F868407CBB3846C8
:1043BC0021464622103003F0B9FB214601248C46DD
:1043CC00D8F80000BF6D8F4213D10023C0F84431E0
:1043DC00D0F84431C0F308300130FDF775FC6C2384
:1043EC0003FB065501230C4885F868302B66BDE8A5
:1043FC00F081CBB29B0003F580729B0804FA03F3A7
:10440C009B0344BF40F802C083580131DBE70348EB
:10441C00EDE700BF880100200000AD0B0C00AD0BD8
:10442C006C210379044A01FB032393F868000030E4
:10443C0018BF0120704700BF880100206C22007952
:10444C00024B02FB00305C30FFF79EBA8801002063
:10445C006C220079024B02FB00305C30FFF774BA1F
:10446C0088010020F7B503681746D3F814230646D5
:10447C0092035CBF4FF40032C3F8142304790D4649
:10448C002046FFF7FDFBF0B13046FFF783FCD0B1BF
:10449C002046FFF707FC002403B29A00316802F5AE
:1044AC008073CC50CB5833681344D3F8102542F0AA
:1044BC000102C3F8102527B1012332688340C2F8EA
:1044CC00143303B0F0BD2846FFF7D0FB362303FBB3
:1044DC0004000D4B083033F81030C3F38203042B67
:1044EC000FD0052B04D10221284603F0E3F8E8E7AE
:1044FC0001A80195FFF7ACFB019AC368D340DB0719
:10450C00F1D50321F0E700BF8801002001490248E2
:10451C00FFF7A6BC8801002000A00D5001490248FD
:10452C00FFF79EBCF401002000C01050074B027A2C
:10453C00D3F8101521F001010A43C3F810250268C5
:10454C00C3F8A4264268C3F8AC26704700200E506E
:10455C0010B50024037A0D49CA181B0103F1A043BE
:10456C0003F5622392F85420C3F82C450C2303FB6B
:10457C0002130468DC6042681A61027A1A7501231E
:10458C0003FA02F28B6813438B6010BD000000200D
:10459C00012303FA00F010F0670F0AD0064B5B689A
:1045AC0020EA0300054B10F0670F054808BF1846BA
:1045BC0070470448704700BF000000200400AD0B9A
:1045CC000000AD0B0800AD0B2DE9F048EFF31181A5
:1045DC00202383F31288BFF36F8F0026094F3446D4
:1045EC00D7E900BC0CF0404554EA0503F7D1CCF3F5
:1045FC001303C0E900B381F31188BFF36F8F024836
:10460C00BDE8F08840270E500000AD0BF0B53D4DD5
:10461C0085B02C78002C70D13B4A01AB07CA83E8DB
:10462C0007003A491846D1F8102522F00202C1F8C9
:10463C001025FFF77BFF07232246672101F00100BD
:10464C000244013BD2B24FEA5101F7D1052A56D1AF
:10465C0019464FF0010C2B4ECFB20024672004E01A
:10466C000CFA02F220EA0200013490FAA0F25FFA8E
:10467C0084FE7745B2FA82F2F2D8013132750529FF
:10468C002A4482F8547006F10C06E5D1012100246D
:10469C001F489A0801FA02F212F0670F18BF1C505B
:1046AC000433302BF5D1E420FDF70EFB174B1949E1
:1046BC00D3F8102503F5C07322F00202C3F890233F
:1046CC0040F6FF72C3F8A82100221A60A3F580708F
:1046DC0004338B420260F8D101240C4B0E481C664B
:1046EC000E4B1A680E4BB2FBF0F25D202343504385
:1046FC0098470C482C7005B0F0BD0B48FBE70B48F5
:10470C00F9E700BF000000203C89000000200E509B
:10471C0000210E50B0210E5040420F0084010020A9
:10472C00608900000000AD0B0C00AD0B0100AD0B5F
:10473C0073B52A4C054663680E4603F0010304F179
:10474C00140101A80193FFF7FFF8254B98423DD1C6
:10475C0000233370636823F001036360A36843F0A4
:10476C000103A3601F4BD3F81025960732D4D3F85E
:10477C00102542F00202C3F81025C5B1D3F8482722
:10478C0012F0010202BFD3F8481741F00101C3F83F
:10479C004817144BD3F84017D3F844174C00F9D4EE
:1047AC002AB9D3F8482722F00102C3F848270E4B48
:1047BC000E4A1B68B3FBF2F30A4A03EB43135BB1DB
:1047CC00D2F84017D2F84417490001D402B070BD9A
:1047DC00013BF4E70648F9E70648F7E7000000203C
:1047EC000000AD0B00200E508401002040420F0051
:1047FC000C00AD0B0700AD0B2DE9F0410446007A1F
:10480C001D469046FFF7C4FE1D4B9DF8187098424C
:10481C00064631D12046FFF79BFEEFF31181202392
:10482C0083F31288BFF36F8F227A164B92001344D6
:10483C0000221A60227AC5F31305120102F1A0427C
:10484C0002F56222C2F82085C2F8245581F3118842
:10485C00BFF36F8F87B10123227A0B4903FA02F25F
:10486C00D1E8EF0F1043C1E8E50F002DF8D1227A03
:10487C009340064AC2F824333046BDE8F08100BFAD
:10488C000000AD0B00210E508800002000200E50BF
:10489C00F7B5284B284CD3F82C6304F188070EB9D4
:1048AC0003B0F0BD96FAA6F0B0FA80F001232218FE
:1048BC00224992F85450820011440C228340DB436D
:1048CC0002FB0542D2681E407AB3D7E8EF2F02EA0A
:1048DC00030CC7E8EECFBEF1000FF6D122FA00F3BD
:1048EC00DB0719D5020102F1A04202F56222D2F8CF
:1048FC002435D2F82025D1F800C0BCF1000FCED061
:10490C004FF0000CC1F800C00C2101FB05452969D2
:10491C000091E9688847C2E705F10C0304EBC30C6E
:10492C0054F83320DCF80430E5E70B68002BB6D0E4
:10493C000A60B4E700200E500000002000210E5049
:10494C0010B5154BD3F80443E1040AD5D3F8302144
:10495C0003F598732AB100221A601B680F4B1B6871
:10496C009847A20408D50E4B1A682AB1002018608B
:10497C001B680C4B1B68984763040BD50A4B1A68D1
:10498C0042B100221A601B68064B0120BDE81040A2
:10499C001B68184710BD00BF00E01050B805002080
:1049AC0034E11050BC05002038E11050034B18685E
:1049BC00A0F11C0358425841704700BF40C3FF0090
:1049CC00036803F01F025B09022B02609ABF024AC4
:1049DC0052F8230000207047C88C0000F0B5194B2A
:1049EC000568194F194E4C69BD4218BF3346B3FBCD
:1049FC00F4F204FB12339A4220D9D3071ED47E2A38
:104A0C001CD8BD420CBF04250225AA4216D3104B5C
:104A1C009C420AD0B44208D091F8213013B1CB6833
:104A2C00013302D1CB6901330AD001220379094841
:104A3C0012FA03F3084B08BF1846F0BD0748FCE711
:104A4C000448FAE70020A10700A004500024F40059
:104A5C000048E8010000AD0B0300AD0B0400AD0BEA
:104A6C0073B51446421C064619D001291CD1C3B19A
:104A7C0002F00EFF0D4601A80196FFF7A1FF019B66
:104A8C00A40000EB830044EA4504D0F880300C43CA
:104A9C00064919400C4344F4A064C0F8804002B0AD
:104AAC0070BD02F001FFE5E70025E4E7F0F0FCFF44
:104ABC0001232DE9F74F90F804A0064613FA0AF5E6
:104ACC000C4600F0BE8091F82150002D00F0B9800A
:104ADC001D4691F8229030686B4F6C4B6C496269A3
:104AEC00B8420CBF98468846B8FBF2F8FFF75EFF59
:104AFC00684FB0B1B8F1020F40F2A680237E13F0DC
:104B0C00FD0F40F0A1804FEA58030133DBB2994509
:104B1C0038BF9946242303FB0A739A7F42F008029C
:104B2C009A77242101FB0A7294F82300937F60F397
:104B3C00000393773379207C01FB03739A7F60F336
:104B4C0041029A7794F823B0BBF1000F23D1237E56
:104B5C005A46012B94BF0023012301212068FFF743
:104B6C007FFF5B465A4601216068FFF779FF5B4681
:104B7C00A27E5946A068FFF773FF237C5A4683F048
:104B8C0001030121E068FFF76BFF01235A46194628
:104B9C00E069FFF765FF2423002D5CD003FB0A7A44
:104BAC004FF0FF33CAF8203094F812C0227E94F8EC
:104BBC0019A0002D5CD0E068257C0121337994F894
:104BCC0024E011FA03F30CBF022394F82030019374
:104BDC003368BEF1000F12D1D4E900B1D4F808E06B
:104BEC00E469C3F800B6C3F80416C3F808E6C3F8C2
:104BFC000C46C3F81006C3F8B855C3F8B0951AF1B3
:104C0C00000018BF0120022AC3F8C0C5C3F82C85C8
:104C1C0031D0032A32D0012A01D140F00200019A8E
:104C2C00C3F85405C3F8AC25242332795343FB58FD
:104C3C003BB33068C0F3083003B0BDE8F04FFDF76C
:104C4C0043B84FF0020946E7242303FB0A739A7F0B
:104C5C006FF3C30264E703FB0A7AE2689AF81E302A
:104C6C00CAF82020227C62F341038AF81E309BE7AD
:104C7C004FF0FF30A1E740F00400D0E740F0060011
:104C8C00CDE703B0BDE8F08F00A004500020A107D1
:104C9C000024F400C0050020431C07B50ED0019081
:104CAC0001A8FFF78DFE019B00EB8300D0F880205C
:104CBC00044B134043F00203C0F8803003B05DF89E
:104CCC0004FB00BFF0F0FCFF2DE9F047242704792A
:104CDC00134D9A4607FB04573B7F80460E46914680
:104CEC00DBB921B1FFF77AFE0E4B984213D1242188
:104CFC0061436B1845F80190C3F804A01EB131460E
:104D0C004046FFF7D5FE242303FB045400236377AE
:104D1C00012304482377BDE8F0870348FBE700BF75
:104D2C00C00500200000AD0B0C00AD0B2DE9F041CF
:104D3C00054604790068214EC0F30830FCF7D4FF17
:104D4C0024236343F35853B12B681D4A04EBC4016D
:104D5C00C3F8082306EB8101286802F0B1FD242179
:104D6C0001FB04612B68D3F80006D3F80476D3F862
:104D7C0008868B7FDB0719D4FFF78EFF4046FFF7C1
:104D8C008BFF3846FFF788FF086AFFF785FF012283
:104D9C002B7912FA03F309D02B68D3F80C06D3F84D
:104DAC001016FFF779FF0846FFF776FF242303FB65
:104DBC00046400232377BDE8F08100BFC005002008
:104DCC000700F81F24232DE9F04306795C4D73434B
:104DDC009046EA180F46517F85B08146002940F075
:104DEC00AC80EB5823B118F0140F04BF0123537798
:104DFC00242497E80F0004FB065404F10C0C8CE8F7
:104E0C000F00206A431C04D0A37F9C0718D502F026
:104E1C003FFD3B6823B103F06043B3F1005F06D163
:104E2C00BB6883B103F06043B3F1005F0BD0242166
:104E3C00002301FB065543486B7705B0BDE8F083B2
:104E4C0002F032FDE5E718F0010318BF0123D9F891
:104E5C000040E946C4F84C3718F0020318BF012390
:104E6C00C4F8143797E80F00C4F83C0789E80F0022
:104E7C00C4F84017C4F804270022039BC4F8083771
:104E8C00C4F80821D4F808310723C4F80035FFF71B
:104E9C008DFD88B124237343E918897F08070BD54E
:104EAC008221C4F8841CEB5833B1C4F80021D4F827
:104EBC0000310123C4F8043318F0080705D124236A
:104ECC007343EA58012323600AB324237343EA583B
:104EDC00E9184ABBFFF76AFD20B18B7F190748BF61
:104EEC00C4F8842C242303FB0653186A421C04D0F8
:104EFC009B7F9B0715D502F0D7FC37B906EBC6068E
:104F0C0005EB8601204602F0DBFC0F4895E7D4F850
:104F1C000831002BFBD04A460421204602F078FCD5
:104F2C00D3E702F0B5FCE8E7042318F0040F14BF34
:104F3C00C4F80833C4F80433E7E704487DE700BF3E
:104F4C00C00500200A00AD0B0000AD0B0B00AD0B33
:104F5C0010B5FFF72BFD1B4CA0B1A37F180711D583
:104F6C00194BD3F80423D1070CD5D3F800214AB13F
:104F7C000022C3F80021D3F8001114490A60012261
:104F8C00C3F80823124A04210F4802F041FCC0B1B7
:104F9C00206A421C04D0A37F9B070FD502F084FC2F
:104FAC00637F1BB10749084802F08AFC00230948BB
:104FBC002372D4E90031BDE81040184702F068FCB8
:104FCC00EEE710BDC005002000A0045084AC0450D6
:104FDC00CC050020C80500201FB50446FBF7D0FF08
:104FEC00064B01220293002305491846CDE90033F4
:104FFC0002F08DFC204602F09AFC00BFC597000021
:10500C00DC8800002DE9F041064686B00F46EFF330
:10501C001188202383F31288BFF36F8F0024042898
:10502C0098BF234A234B98BF52F820209D6888BF15
:10503C00214A1B7C2149CDE90423214B0390029387
:10504C00CDE9004423460122204602F060FC6FB1FA
:10505C00FB69C3F308034BB11A4B0094CDE9014330
:10506C00012223461549204602F051FC2DB1284659
:10507C0002F098FC08B1037803B91348134BCDE93F
:10508C0003500293002301221846CDE900330B494B
:10509C0002F03DFC39463046FFF79EFF88F311883D
:1050AC00BFF36F8F284606B0BDE8F041FCF7B8BDE2
:1050BC00D48C0000E40500201E980000DC88000061
:1050CC00349800005C9800002C9800007D9800003B
:1050DC0038B50A4B53F82040013053F82050A54204
:1050EC0000D838BD606830B1037FDB0701D402F013
:1050FC0026FC0834F3E723689847FAE7E88C0000AD
:10510C000122F0B5294B87B00320294E1A70FFF706
:10511C00DFFF00F0EBFF0420FFF7DAFF3746254DE9
:10512C00B54205F1300410D300F02CFC214C224D7B
:10513C00BC4227D300F03AFCFBF72CFA1F4A137B36
:10514C0023F00103137307B0F0BD54F80C3C059326
:10515C0054F8103C049354F8143C039354F8183C42
:10516C00029354F81C3C019354F8203C009354E9EE
:10517C000A2354E90C0100F035FA54F8303C5D6513
:10518C002546CDE7D4E90A23591C08BFB2F1FF3FED
:10519C0005D052EA0301206803D100F0F7FC30344B
:1051AC00C6E72946183000F087FEF8E730080020E3
:1051BC000C8800000C880000857A00001803002081
:1051CC0008B50348034A0021121A02F0CFFB08BDB0
:1051DC0088020020340800200023012270B586B01C
:1051EC00CDE904230F221425CDE902324FF4A0722D
:1051FC0001930E4B0E4E05FB00350E4906EBC01607
:10520C00044602FB001100950B4B304600F0EAF906
:10521C00737B2C7423F004037373084B013403EB7E
:10522C00C424EE606C6006B070BD00BFE4050020C5
:10523C00980200203810002081790000781100209D
:10524C00BFB50020FFF744FF2A4B03F5006282F341
:10525C00088883F30A880024E023274D274E85F81D
:10526C002230EC772C766C76AC7685F820406B6A25
:10527C0043F4E0236B6285F82340FCF79BFCFCF7BE
:10528C00CFFD4FF0FF33AB62EB62FCF76DFFFCF729
:10529C00EFFDFBF74DFE1A4800F0D2F902F02BFBA4
:1052AC000120FFF715FF0220164DFFF711FF00F04C
:1052BC00B3FB154B4FF400625D61144B144905931D
:1052CC000123CDE90144CDE903430094334628463C
:1052DC0000F088F907466B7B284623F004036B73B8
:1052EC0002F09EFB2046FFF777FF324639462846F0
:1052FC00FCF77AFD7811002000ED00E00D51000064
:10530C009803002018030020E40500209898000062
:10531C00380800202DE9F341044616461F46EFF3EA
:10532C001188202383F31288BFF36F8FC368364A2A
:10533C007BB9916891F90E100133E3609368216198
:10534C00A36088F31188BFF36F8F002002B0BDE813
:10535C00F08180689168884201D12169ECE756EAB6
:10536C00070306D188F31188BFF36F8F6FF00F001E
:10537C00ECE791F90E1090F90E309942A8BF19463E
:10538C0011F1800F08BF6FF07E018B4235DD00F00C
:10539C005FFA0546CDE90067224641461B4800F0FE
:1053AC0035FA0028D2D0EFF31186202383F312882C
:1053BC00BFF36F8FA068C0B1236821699C420AD0EB
:1053CC004BB193F90E309942A8BF19466FF07E038A
:1053DC009942B8BF194690F90E30994203D000F0AB
:1053EC0037FA00B1012505F0010545B131460748F2
:1053FC0000F0A2FA6FF00A00A8E70025CAE786F3CE
:10540C001188BFF36F8FF5E7E40500203108002009
:10541C00F8B583680646002B43D0254A9268934220
:10542C0042D1C368012B03D9013BC3600020F8BDF6
:10543C00EFF31187202383F31288BFF36F8F016979
:10544C00806890F90E30994201D000F001FA35686D
:10545C00AE4207D10020C6E9020087F31188BFF3E2
:10546C006F8FE4E7002DF5D0D5E9003200241360EE
:10547C005A606B7BC5E9004423F002036B73AC608C
:10548C0005F1180002F018FBB56095F90E302846AE
:10549C003361AC6702F0C4FA3946064800F04CFAA6
:1054AC00C4E76FF01500C2E74FF0FF30BFE700BF55
:1054BC00E40500203108002070B5EFF3118620239D
:1054CC0083F31288BFF36F8F0468A0421AD0CCB15B
:1054DC00D4E90032002513605A60637BC4E900559F
:1054EC0023F002036373A56004F1180002F0E4FAE0
:1054FC002046A56702F094FA3146BDE87040074893
:10550C0000F01ABAD0E902329A4218BF0133836014
:10551C0086F31188BFF36F8F70BD00BF3108002078
:10552C0037B514461D46EFF31181202383F31288FF
:10553C00BFF36F8F836843B1013B836081F31188A4
:10554C00BFF36F8F002003B030BD54EA050306D1C2
:10555C0081F31188BFF36F8F6FF00F00F3E70246F2
:10556C00CDE90045014800F051F9ECE73108002085
:10557C002DE9F0410546EFF31187202383F31288C0
:10558C00BFF36F8F00236FF00A081E462C68A542EC
:10559C0016D0ACB1D4E9003213605A60637BC4E915
:1055AC00006623F002036373A66004F1180002F096
:1055BC0083FAC4F87880204602F032FA0123E5E73A
:1055CC000022AA602BB13946BDE8F041044800F036
:1055DC00B3B987F31188BFF36F8FBDE8F08100BFBB
:1055EC0031080020F0B585B00E9E00F15805067309
:1055FC000426C0E9165500250446467307320D9E55
:10560C0022F007028673C0E919128E180C9A856075
:10561C00C573C0E90655C56602920B9A01920A9AA7
:10562C0000923246FCF7C4FB044B65659B6803B1E2
:10563C001B6F3046236705B0F0BD00BFE4050020AA
:10564C0040F2011383810023C0E919330367014B36
:10565C0098607047E40500206FF00A01084A9368CF
:10566C009967084958674B6843F080534B60002397
:10567C0083F31188BFF36F8F9368986F704700BFE7
:10568C00E405002000ED00E038B5437B01461C0624
:10569C0004D503F07F03437302F086F90D4C2246C8
:1056AC0052F8185FA368954200D005B9E5688B42A3
:1056BC0009D05A7BD20606D1DA897F2A03D9AA6986
:1056CC000AB9636138BDAB4202D0284600F052FBE8
:1056DC006561F7E7E4050020591C08BFB2F1FF3FF4
:1056EC0003D00249183000F0E7BB7047857A000000
:1056FC0070B5437B1C0629D4D90627D11D4C63F009
:10570C007F032246437352F8183F934224D01BB3B5
:10571C00E66990F90E5093F90E108D4217D0491B83
:10572C00002914DD5968C0E9003108605860A5698A
:10573C00954200D005B9E568A3685A7BD20611D111
:10574C00DA897F2A0ED9AA6962B9636170BDB34246
:10575C0002D01B68002BDED1E369C0E9002318607E
:10576C00E061E4E7AB4202D0284600F003FB656140
:10577C00ECE700BFE405002070B5437B01461C0636
:10578C0004D503F07F03437302F00EF91E4C4B7BE0
:10579C00224663F07F034B7352F8183F934226D096
:1057AC002BB3E66991F90E5093F90E00854219D08E
:1057BC00401B002816DD5868C1E9003001605960B3
:1057CC00A569A368954200D005B9E5688B4214D051
:1057DC005A7BD20611D1DA897F2A0ED9AA6962B90D
:1057EC00636170BDB34202D01B68002BDCD1E3694E
:1057FC00C1E900231960E161E2E7AB4202D028461F
:10580C0000F0B8FA6561ECE7E4050020F8B5DDE9D5
:10581C0006670D4B0D4698680C490860EFF3118133
:10582C00202181F31288BFF36F8F9C6811462046AC
:10583C0002F0CCF8204632463B46FFF74DFF284697
:10584C00BDE8F840FFF708BFE4050020040600207F
:10585C00F8B50446EFF31187202383F31288BFF3C6
:10586C006F8F437B49B203F01F02002A0CBF012645
:10587C0000263BD103F07F03437302F095F82D4DC6
:10588C00437B2A4663F07F038173437352F8183FBE
:10589C00934225D023B3D5F81CC093F90E00814256
:1058AC0019D0401A002816DD5968C4E900310C6083
:1058BC005C60AC69944200D004B9EC68AB689C4263
:1058CC0002D0204600F056FA6C6187F31188BFF3C2
:1058DC006F8F3046F8BD634502D01B68002BDCD1BE
:1058EC00EB69C4E900231C60EC61E2E79B071FD560
:1058FC00856802F059F881732B689D4212D08BB1E8
:10590C0093F90E20914208D0521A002A05DD5A68EC
:10591C00C4E9003214605C60D7E76A68934201D036
:10592C001B68ECE76B68C4E900531C606C60CCE747
:10593C008173CAE7E405002049B9EFF3058030B95B
:10594C00054B5A699B689A4201D0FFF785BE81F3DB
:10595C001188BFF36F8F7047E4050020024648B9E9
:10596C00EFF3058333B9064B59699B68994201D013
:10597C00FFF772BE82F31188BFF36F8F704700BFC1
:10598C00E4050020EFF31181202383F31288BFF389
:10599C006F8F054B9A68D37B013BD37381F31188CE
:1059AC00BFF36F8F704700BFE405002070B5EFF3B5
:1059BC001186202383F31288BFF36F8F154CA368D5
:1059CC00DA7B0132DA73224652F8185F954200D026
:1059DC0005B9E5685A7BD20614D1DA897F2A11D928
:1059EC00AA697AB9636186F31188BFF36F8FEFF3FD
:1059FC001180202383F31288BFF36F8FBDE87040B2
:105A0C00FFF7ACBFAB4202D0284600F0B3F965619A
:105A1C00E9E700BFE4050020024B03F11802C3E9DB
:105A2C0006227047E405002070B5EFF311862023A1
:105A3C0083F31288BFF36F8F1B4CA168E3690A686C
:105A4C00994214BF1346002349680A605160A2684A
:105A5C00E0692BB9154BC2E900300260E2610DE040
:105A6C0092F90E5093F90E108D4219D0491B002952
:105A7C0016DD5968C2E900310A605A60A5690B4B02
:105A8C009D4200D005B9E568A3689D4202D0284626
:105A9C0000F070F965613046BDE87040FFF7DCBD81
:105AAC008342D7D01B68D4E7E4050020FC05002016
:105ABC002DE9F04106460F4656EA070303D1FFF7DE
:105ACC00B3FF002029E0EFF31188202383F3128821
:105ADC00BFF36F8F124D134BA8681860FFF7D4FDFE
:105AEC00A86832463B461049183000F0E5F9AA6820
:105AFC000446537B404643F004035373FFF7ACFD5D
:105B0C00AB68D3E90A23B3F1004F08BF002AD8D100
:105B1C0001F0FAFF201A20EAE070BDE8F08100BF26
:105B2C00E405002004060020857A000038B50D46F7
:105B3C000446FFF7BDFF013508BFB4F1FF3F1BD092
:105B4C0047F6112200234FF47A7114461D46C1FB0F
:105B5C000045AB4208BFA242204629460FD243F66D
:105B6C000853094AAB4208BFA2420AD347F6122295
:105B7C000023FAF77DFC38BD4FF0FF30FBE7002027
:105B8C00F9E76FF00040F6E7ED85FFFF38B5044606
:105B9C00EFF31185202383F31288BFF36F8F437BC0
:105BAC005B070FD5183001F087FF637B204623F08D
:105BBC0004036373FFF79CFD2946BDE83840044895
:105BCC00FFF7BABE85F31188BFF36F8F38BD00BFE6
:105BDC0031080020014B9868704700BFE405002095
:105BEC002DE9F8430446077BEFF31185202383F35B
:105BFC001288BFF36F8F437B1E0705D585F3118881
:105C0C00BFF36F8FBDE8F88343F00802110654D43C
:105C1C004273A36813B1204601F0CEFE04F11800C4
:105C2C0001F04AFFA66D04F15808B04511D04FF0B1
:105C3C00000976B1304601F0BFFE06F1180001F004
:105C4C003BFFC6F878903046FFF752FDA66DB04585
:105C5C00EFD12E4EB3689C4237D04FF00009D6F8E6
:105C6C0018802B4A904502D0B8F1000F01D1D6F81C
:105C7C000C80434502D0404600F07CF8C6F81480F6
:105C8C00B9F1000F02D02348FFF7DAFCB3689C424D
:105C9C0036D1EFF305839BBB227BD2071DD428465C
:105CAC00FFF7DAFCFB07ADD5002383F31188BFF3B4
:105CBC006F8F0423184602DFA4E703F07F0343F041
:105CCC000803437301F070FEA3E7EFF3058919F1A4
:105CDC00000918BF4FF00109C1E785F31188BFF324
:105CEC006F8F83F31188BFF36F8F0423184602DF85
:105CFC00EFF31180202383F31288BFF36F8FCFE76C
:105D0C0085F31188BFF36F8FCCE700BFE40500204B
:105D1C00FC050020980300200122044BC01A044B00
:105D2C00C0105843034B1A54704700BF180400208E
:105D3C00ABAAAAAA31080020C3897F2B12D80A4B20
:105D4C001B6863B1094B90F90E201B689A4209DB62
:105D5C00437BDB0606D1064BC31A18BF012303F0A5
:105D6C00010070470023FAE76002002008060020BB
:105D7C009802002070B50E4B0E4C1D7C064605EBB0
:105D8C00450304EBC304204601F096FE00220A4BA7
:105D9C0030465A55FFF7D0FF48B1084B2046BDE8B6
:105DAC0070401A680649013AD31700F085B870BDE7
:105DBC00E4050020180400203108002060020020B7
:105DCC00255D000038B5EFF31185202383F312888D
:105DDC00BFF36F8F104B114A9C681068A04206D11C
:105DEC00FFF7C8FF85F31188BFF36F8F38BD002113
:105DFC001B7C11600A4AD35C002BF3D02046FFF7C2
:105E0C009BFF0028EED0637BDB0602D12046FFF718
:105E1C00B3FC2046E4E700BFE405002004060020A4
:105E2C0031080020074808B5074A0849121A01F042
:105E3C009FFDBDE808400648064A0749121A01F0C2
:105E4C0097BD00BF0000002088020020DC980000F5
:105E5C000000002000000020DC980000024B1868B5
:105E6C00984208BF0020704764020020034B1B6857
:105E7C000BB9FDF765BC0020704700BF0C06002075
:105E8C0030B570B10B4B5B6898420AD0036843B1D4
:105E9C00D3E90421D0E90445121945EB0101C3E90A
:105EAC000421D0E9003213605A600023C0E90033AA
:105EBC0030BD00BF640200202DE9F74F1D460133B1
:105ECC0008BFB2F1FF3F8246144600F08280816029
:105EDC00EFF311830193202383F31288BFF36F8FA9
:105EEC00002A75F100033C4A1FDBFFF7BFFF834616
:105EFC00661C394A45F10007301847EBEB71D2E9C3
:105F0C000032C418CAE9040141EB02050121FFF774
:105F1C00A5FF324B9C46D3F804E000BBCAE900CE87
:105F2C00CEF800A0CCF804A02EE06FF00103D2E96B
:105F3C0000125B1A4FF0FF3161EB0202B3EB040865
:105F4C0062EB0509B8F1010F79F10003BCBF4FF00A
:105F5C0001084FF000090021C0E90489D7E7D0E916
:105F6C000489DAE90467464577EB090327DAB8EBCD
:105F7C00060269EB0703C0E904234368CAE900037E
:105F8C00C3F800A0C0F804A0FFF768FF82450CD14D
:105F9C00134B1B684BB911B9FFF768FF8346584682
:105FAC0001F06EFD0021FDF7DBFB019B83F31188F3
:105FBC00BFF36F8F2046294603B0BDE8F08FB6EBD8
:105FCC00080267EB09037045CAE90423A6D00068F0
:105FDC00A3E700240025EDE7300400206402002034
:105FEC000C0600202DE9F347EFF31185202383F3F2
:105FFC001288BFF36F8F2D4ADFF8B4901060FFF753
:10600C002DFFCA4604469046D9E90001D8F8002075
:10601C00CDE900011046D1175CB1D4E90467B24256
:10602C0071EB07031EDAB6EB020C67EB0106C4E951
:10603C0004C60024009BC8F80040C218019B2046EF
:10604C0041EB0303CAE9002301F01AFD2146FDF7D9
:10605C0087FB85F31188BFF36F8F02B0BDE8F04763
:10606C00FFF7B0BE0022DDE900010023801941EBEF
:10607C00E671C9E90001C4E904232046FFF700FFDB
:10608C0085F31188BFF36F8FA3689847EFF31185E1
:10609C00202383F31288BFF36F8FD8F800309E1B38
:1060AC00C8F80060FFF7DAFE0446ADE70C060020E6
:1060BC00300400202DE91848EFF31184202383F3DA
:1060CC001288BFF36F8FFFF7D1FE074BD3E9002384
:1060DC0012EB000B43EBE07C6146584684F31188CD
:1060EC00BFF36F8FBDE8188830040020014800F022
:1060FC005CBC00BF9D9800002DE9F04F837899B0EF
:10610C009C078146CDE90212D0F804A016D50B46A7
:10611C00002607921D789DB1252D15D001330193D2
:10612C0049462846D047002806F1010680F28E81A8
:10613C0099F8023043F0040389F802304FF0FF362F
:10614C00304619B0BDE8F08F5D789A1C252D019270
:10615C00E6D04FF0000B0A23D8465F465C461F2C56
:10616C0022D8A5F12002102A20D8DFE802F0141F53
:10617C001F1A1F1F1F0B1F1F1F121F171F1F090086
:10618C0044F00104019A12F8015B0192002DE6D152
:10619C006BE044F0020444F00404F3E744F0080418
:1061AC00F0E744F01004EDE77F2C41D8A5F1300264
:1061BC00092A09D8600602D503FB0828E2E703FB8D
:1061CC00072744F02004DDE72A2D12D1BBF1000F84
:1061DC00D8D1079A650602F10401079102D5D2F8CD
:1061EC000080CFE71768002FEBDA7F4244F02804D9
:1061FC00C8E72E2D04D16006A2D444F04004C1E7B8
:10620C00242D15D1BBF1000F60D0039B14F0400579
:10621C0014BF42463A4607A90298079301F018FDAD
:10622C00079A0A23111D0791002DD8D11768A9E7E9
:10623C006C2D06D1220648BF44F4007444F080044F
:10624C00A0E7682D06D1E50548BF44F4007444F47A
:10625C00807497E74C2D02D144F4207492E76A2D98
:10626C00FAD07A2D8ED0742D8CD0BBF1000F06D0C5
:10627C00039B5A4607A90298079301F0E9FCB8F171
:10628C00000F45F02003B8BF24F04004A3F16502D1
:10629C00BCBFA4B24FF00008022A01D9612B1AD15D
:1062AC004FF00708079BAE4D073323F00703083365
:1062BC00079324073CD505EB0804A6EB050BA54278
:1062CC0005EB0B0636D1A7EB080711E1D846BB4608
:1062DC004446474656E7632D09D1079B4FF001080A
:1062EC001A1D07921B6808AD8DF82030E1E7732D5D
:1062FC0027D1079B1A1D07921D689A4B002D08BFCA
:10630C001D4614F0400F14BF41464FF0FF31284694
:10631C0001F022FC8046CCE749462020D0470028DB
:10632C00FFF606AF013FB845A4EB0706F4D3C2E76E
:10633C00F419F8E7494615F8010BD0470028BEDAE6
:10634C00F6E6642D01D0692D45D12006079B38D582
:10635C00A10531D5073323F0070303F10802079297
:10636C00D3E90001002871F1000304DA404261EB2B
:10637C00410144F4806424F0100B50EA01031FFA2D
:10638C008BFB04D1640602D5B8F1000F7DD00A2333
:10639C0008AC224601F0ECFB021B1BF0400F76D040
:1063AC002BF0010390459BB279DD1DB92BF0110B3D
:1063BC001FFA8BF344466CE01A1D07921868C1173C
:1063CC00D0E71A1D0792E2051868F8D5A3054CBF53
:1063DC0040B200B2F3E7752D19D10A2324F0100452
:1063EC00A4B22106079A3DD5A00536D5073222F076
:1063FC00070202F108010791D2E9000150EA0102FB
:10640C003AD024F006041FFA84FB08ACC1E76F2DC8
:10641C001ED0702D04D144F0100410237825E0E731
:10642C00782B04D1C5F1780343F01003D9E7622B24
:10643C0011D049462520D0470028FFF679AE4946B1
:10644C002846D0470028FFF673AE0236019B61E662
:10645C0008230025C5E70223C3E7111D0791106827
:10646C000021CBE7111D0791E1051068F8D5A205B5
:10647C004CBFC0B280B2F3E724F0160B64061FFACF
:10648C008BFBC2D5B8F1000FBFD1424685E714464D
:10649C005B4613F0100B2DD01DB9013402E01446ED
:1064AC00F7E70234190707D4D90739D5A74239DDE4
:1064BC00A7EB04083C469044BBF1000F3DD0494685
:1064CC0030200492D0470028FFF632AE049A5DBB10
:1064DC000136B044A8EB06039A4245DB9046951969
:1064EC000DF1200BA5EB0806B8F1000F46D13F1BB0
:1064FC00374454E040F206410B42D3D0CDE7494635
:10650C002020CDE90432D0470028FFF611AEDDE99A
:10651C0004320134A74206EB0401F0DC0E46CBE753
:10652C00361BF7E79046C7E74946284604920236E1
:10653C00D0470028049ACCDAFAE540F206410B4227
:10654C00C7D013F0020F14BF2B20202013F4806F40
:10655C00049206F10106494618BF2D20E8E700BF5A
:10656C00D3980000CC980000494630200492D047C4
:10657C00002806F10106049AACDAD9E508F1FF38D7
:10658C0049461BF80800D0470028ABDAD0E549464D
:10659C002020D047002806F10106FFF6C9ADBB1B31
:1065AC00002BF4DC52E700BF2DE9F04F099E0446A6
:1065BC008946002B40F083808A42154645D9B2FAB1
:1065CC0082F24AB1C2F1200701FA02F395409440DD
:1065DC0020FA07F747EA03094FEA154E230C1FFA76
:1065EC0085F8B9FBFEFC0EFB1C990CFB08F143EA89
:1065FC00094399420AD9EB182CBF0120002099427B
:10660C0002D9002800F01D810CF1FF3C591AA3B2ED
:10661C00B1FBFEF00EFB101100FB08F843EA01443D
:10662C00A04505D92C1902D2A04500F20E810138E3
:10663C00A4EB080440EA0C4000271EB1D440002310
:10664C00C6E900433946BDE8F08F002A51D0B2FAB2
:10665C0082F2002A40F0AF80491B4FEA154E1FFA18
:10666C0085F80127230CB1FBFEFC0EFB1C1108FB6B
:10667C000CF043EA014398420AD9EB182CBF0121D4
:10668C000021984202D9002900F0D7800CF1FF3C80
:10669C00191AA3B2B1FBFEF00EFB101108FB00F8A7
:1066AC0043EA0144A04505D92C1902D2A04500F2B9
:1066BC00C1800138A4EB080440EA0C40BDE78B42D2
:1066CC0008D9002E74D00027C6E900013846394697
:1066DC00BDE8F08FB3FA83F767B98B42C0F0A480A2
:1066EC00824240F2A1803846002EABD0C6E9004968
:1066FC00A8E7FFDEC7F12005BB4002FA07FC01FA50
:10670C0007F4EA4020FA05F8E94000FA07FE1A43BC
:10671C0048EA04044FEA1248200C1FFA82F9B1FB34
:10672C00F8FA08FB1A110AFB09FB40EA01418B45F8
:10673C000AD951182CBF012300238B4502D9002BF9
:10674C0000F088800AF1FF3AA1EB0B01A4B2B1FB77
:10675C00F8F008FB101100FB09F944EA01418945E6
:10676C0004D9511801D289457BD8013840EA0A4036
:10677C00A1EB0901A0FB0C89494544464B4602D3C9
:10678C0006D1C64504D20138B8EB0C0469EB020300
:10679C00002E5DD0BEEB040261EB030101FA05F59E
:1067AC0022FA07F3F94000271D43C6E9005149E7D7
:1067BC003746304646E7C2F12000954001FA02F711
:1067CC0021FA00F34FEA154E24FA00F11FFA85F86E
:1067DC0094403943B3FBFEF00F0C0EFB103300FB5F
:1067EC0008FC47EA03439C4507D9EB182CBF01274B
:1067FC0000279C4500D98FB30138A3EB0C0389B259
:10680C00B3FBFEF70EFB173307FB08FC41EA034111
:10681C008C4504D9691801D28C4525D8013FA1EBD0
:10682C000C0147EA00471DE7841A61EB03030120C2
:10683C00994659E702382C443CE7ACF1020C2B4446
:10684C0026E7ACF1020C2B44E0E602382C44EFE6D0
:10685C003746F7E6AAF1020A114475E702382B44D1
:10686C00CBE70238114481E7023F2944D7E700BF48
:10687C007FB50BAB059303930A9B02930023CDE9E1
:10688C0000331846FAF7D8FB07B05DF804FB00EBB1
:10689C00C101488840087047F8B50E460346FFF71B
:1068AC00F6FFB0FA80F0C0F11F0003EB800CDCF8AF
:1068BC001050F200171DB4B2063255B9012101FA7D
:1068CC0000F0D9680143D960CCF81060DC539C52BD
:1068DC00F8BDE9000431585AD85303EBC0009D525F
:1068EC00C4805C52F4E7043ACB1D0A4423F007033E
:1068FC0022F00702D21AF0B4D4080360B4FA84F080
:10690C000026C0F124008000C51D9C60DE60E908F3
:10691C0003F110071844874213D1480040F00100DE
:10692C005880641A25F007001E801D1866006E80C2
:10693C00195298189C5201224280F0BC1846FFF75D
:10694C00ABBF47F8046BE6E72DE9F04706460D466A
:10695C00174698461BB34FF0000A1C78D878A40051
:10696C0004EB4004987893F8019004441C44CA4505
:10697C0009D308F10803D8F8042039463046AC4650
:10698C00BDE8F047604714F8013B0AF1010A48F8EA
:10699C0023402046F9F786FD01300444E7E76FF009
:1069AC001500BDE8F087002070470FB407B504A9A7
:1069BC0051F8040B019100F0EBF803B05DF804EB17
:1069CC0004B07047044608B5084611461A46A0475D
:1069DC00FFF700F9FBF724F9038B13F0070305D13C
:1069EC000368002B0CBF002003207047022B05D13D
:1069FC00438B002B14BF002004207047012B05D1C2
:106A0C000368002B0CBF0020052070470020704746
:106A1C002DE9F0410D4607461946281D90461E46A5
:106A2C0000F094F8044638B13346424629463846BD
:106A3C00A446BDE8F0416047BDE8F08110B4EFF327
:106A4C001182202484F31288BFF36F8F416110BC34
:106A5C000121FAF70BB910B50C4640B139B1081D3C
:106A6C0000F063F828B9A36833F0030301D06FF08A
:106A7C00150010BD38B50C46054658B151B10B6820
:106A8C0043B14B6833B11C22002101F04FF80020B8
:106A9C002C6138BD6FF01500FBE770B504460D4650
:106AAC00FFF7D9FF061E30DBEFF31181202383F3B0
:106ABC001288BFF36F8F4FF6FF76638B208BB34238
:106ACC0000F007022ED0022A0ED101336383164642
:106ADC00012381F31188BFF36F8FB3B100232946D3
:106AEC002046FFF795FF10E0830701D0062A0ED150
:106AFC0000232B60636893B9C4E90055164662B94C
:106B0C000A4620460221FAF7B1F8304670BD052A34
:106B1C000CBF6FF085066FF004060023D9E71D60EB
:106B2C006560EBE76FF00A06F7E760B1436803F0C6
:106B3C000303012B03D0032B05D103681BB10023E6
:106B4C008360184670476FF0150070474268034623
:106B5C0002F00302032A4FF0000281600CBF0068B0
:106B6C0010465A60704770470020704700F046BDD1
:106B7C00D0E8EF3F5A1CC0E8E12F0029F8D11846A5
:106B8C007047002108B50846FAF74CF9002008BDFB
:106B9C001FB50023CDE90201CDE900331A46194691
:106BAC001846FAF749FA05B05DF804FB7047002067
:106BBC0070474368DA7101224368196043685A715F
:106BCC00FFF7F4BFF8B50F461546044618B9BDE8F3
:106BDC00F840FAF7F3B943B100F11006C2F34A20BA
:106BEC001946120D304400F093FFC4E900572046BB
:106BFC00BDE8F840FAF7F6B97FB50BAB05930393F4
:106C0C000A9B022202930023CDE900331846FAF7BF
:106C1C0013FA07B05DF804FBF8B506460D461446AA
:106C2C001F4604B9F8BD214628463A46B047241AF7
:106C3C000544F6E707B5D1E900328DF80700526834
:106C4C0001210DF107009847002003B05DF804FB0B
:106C5C000A2838B504460D4602D10D20FFF7EAFF8D
:106C6C0029462046FFF7E6FF002038BD2DE9F0430A
:106C7C00064687B008460D8891F800900C468F6840
:106C8C009046FAF729FA011EC5F38215C9F3C20919
:106C9C001DDB4846FAF7C2F90346224652F8101B90
:106CAC006488C1F34A21002902EB010008BF0022CD
:106CBC00CDE9022000222409CDE904480195009277
:106CCC0039463046FAF726FA07B0BDE8F0830023C0
:106CDC00E3E7436800201B685B68196170474368F1
:106CEC001B681A6852685360704770B543680D464C
:106CFC001C6863681869FAF707F9294603460F22DE
:106D0C002068BDE870401847036A1BB11B7900204E
:106D1C000B7070476FF057007047036A3BB1DB682C
:106D2C002BB11B6A1879B0FA80F04009704701202A
:106D3C00704770B5046A05460E460CB103232371E7
:106D4C002846FFF7EAFF98B103212846B0470028F0
:106D5C0002DA10F1860F0BD1012124B928463346F3
:106D6C00BDE87040184721712846B04700232371B5
:106D7C0070BD7FB50BAB059303930A9B0122029365
:106D8C000023CDE900331846FAF756F907B05DF841
:106D9C0004FB01460068FAF7B1BB08B5FAF710FC22
:106DAC00BDE80840FAF710BC7FB50BAB0593039315
:106DBC000A9B012202930023CDE900331846FAF70F
:106DCC003BF907B05DF804FB00210120FAF796BBF4
:106DDC00436E83F30B88704761B662B680F31188FB
:106DEC00BFF36F8F704772B6002383F31188BFF324
:106DFC006F8FBFF34F8F30BF62B6BFF36F8F70478B
:106E0C0072B6002383F31188BFF36F8FBFF34F8FDC
:106E1C0020BF80F31188BFF36F8F62B6704740E8D4
:106E2C0000F313F4803FD8B208BF6FF01500704721
:106E3C007FB50BAB059303930A9B012202930023AE
:106E4C00CDE900331846FAF7F7F807B05DF804FB04
:106E5C0030B585B00C684B689DF808200D890094FE
:106E6C00498924F01F04013B65F30402234461F3B8
:106E7C00471223F01F0369468DF808200393FBF794
:106E8C002BF805B030BD08B5D1E904319847002086
:106E9C0008BD08B5FBF716FA002008BD0C230269E3
:106EAC00C9B201FB0323186C00F00700704770B5E2
:106EBC00C9B20569EFF31186202383F31288BFF35F
:106ECC006F8F0C2303FB0154246C14F0C00401D00D
:106EDC00A24212D1012203FB01531A64002386F350
:106EEC001188BFF36F8F33B90C22436802FB013159
:106EFC004B6898470023184670BD4FF0FF33EEE700
:106F0C008022FFF7D4BF10B403691C20CCB204FB61
:106F1C000030002110BC10470020FCF7DDBD002024
:106F2C0000F07EBB1046FEF7C7BA022804D0042836
:106F3C0004D10020FBF7BABA0120FBE77047F8B583
:106F4C00CFB20469EFF31181202585F31288BFF3CA
:106F5C006F8F0C2606FB0746356C05F0070CBCF151
:106F6C00010F11D180253564002581F31188BFF301
:106F7C006F8F3DB90C2179430C44C4E90E2343684F
:106F8C005B5898472846F8BD05F0C005802D14BF06
:106F9C004FF0FF356FF07705E7E7436800205B683B
:106FAC00DB680B607047436802EA01005B6821EA0A
:106FBC00020258609A6000207047436800205B68AA
:106FCC0059607047436800205B689960704743685C
:106FDC005A68136821EA03000B405060936000204C
:106FEC00704730B50369586810B3002481421BD137
:106FFC0008685CB99C685860A14200D19860002078
:10700C0008604AB9002030BD2846EFE72060986838
:10701C00814208BF9C60F2E75A680A609868596020
:10702C000028EFD19960EEE705680446002DEBD1FE
:10703C00002AF1D16FF01500E5E701298CBF6FF044
:10704C008500002070477FB50BAB059303930A9B1B
:10705C00012202930023CDE900331846F9F7ECFF27
:10706C0007B05DF804FB30B543681360057A4468DB
:10707C00136804EBC504A34202D36FF0010030BDCA
:10708C005C798C4201D00833EFE70020F7E748B178
:10709C001F302CBF01210021400940EAC160490981
:1070AC00FEF744BD704710B50469204600F06DFC36
:1070BC000023636110BDF8B5876806467C689CB1F7
:1070CC00436893F82630DB071DD405694FF0FF3376
:1070DC004FF0FF322846FEF71DF96B69002B05DCDB
:1070EC0000242846FEF794F92046F8BD013B6B615D
:1070FC00002BF5D17B6830469847041EBEBF6B69E8
:10710C0001336B61EDE70024EEE7F0B4D0E9014305
:10711C001B693BB167688F4208DB2468944205DC2D
:10712C00F0BC18476FF05700F0BC70476FF01500BB
:10713C00FAE7F0B4D0E901431B6A3BB127698F42EF
:10714C0008DBE468944205DCF0BC18476FF057008C
:10715C00F0BC70476FF01500FAE7F0B4D0E90163AA
:10716C009A6A04460F46A2B196F824504DB9F0BC69
:10717C001047316AC95C0133B94203D13946204604
:10718C00F5E70023D9B28D42F3D86FF08500F0BC3F
:10719C0070476FF05700FAE72DE9F3410F46D0E93D
:1071AC00015895F825100446FF2906690ED195F86B
:1071BC002610C1F38101022913D0A36800311B6B87
:1071CC0018BF01214BB96FF0570003E0FFF7C5FF63
:1071DC000028ECDA02B0BDE8F08120469847002880
:1071EC00F8DBAA68B2F1004F05D011462046FFF734
:1071FC008CFF0028EEDB6A69B2F1004F05D0114616
:10720C002046FFF796FF0028E4DB2B68B3F1004F14
:10721C0013D0A3685B69002BD5D001A920469847F1
:10722C000028D7DB2A68019B9A421EDD11462046B6
:10723C00FFF76BFF002805DACCE76FF000436A68B4
:10724C009A42E6D1AFB995F826309B0718D0D8F8FA
:10725C000030204698470028BCDBA869FFF717FFD1
:10726C007369384601337361B4E76A689342E9DDA8
:10727C00DCE773690133736195F82630DA0601D4C3
:10728C000020A7E72046FFF716FFA3E7012310B461
:10729C0003FA01F11AB18368DB6810BC18478368E4
:1072AC001B69FAE708B54368986A70B193F82C101B
:1072BC00012302698B40126813420CBF0122002289
:1072CC00FFF7E4FF00EAE07008BD6FF08500FBE714
:1072DC004368186810F1004018BF0120704739B995
:1072EC0043681B68B3F1004F02D013600846704727
:1072FC006FF0150070474368986A58B193F82C10DA
:10730C00012302698B401268134214BF0122002230
:10731C00FFF7BCBF6FF08500704743681B68D3F85C
:10732C003031704743681B68D3F88004C3F880047D
:10733C00704742681368D3F84C0150B10020926A30
:10734C0012780A70C3F84C01D3F84C2101229A62CE
:10735C0070474FF0FF30704713B501AA0446FFF792
:10736C0082FE002805DB019B226819791868FBF75F
:10737C00F9FB02B010BD0129F8B505460C4617D132
:10738C0043680021D868FFF7E7FF08216A68136893
:10739C00C3F80015107A00283AD1926AC3F8042772
:1073AC00C3F80847C3F84C01D3F84C219C62F8BDD4
:1073BC0081BB46683468D4F85031B3B10123E36221
:1073CC00D4F82431002BFBD00023C4F85031D4F86E
:1073DC005021C4F82431D4F82421C4F84C31D4F809
:1073EC004C21C4F81431D4F814316B684FF47A750D
:1073FC001F68D7F8303123B9012000F00FF9013D97
:10740C00F7D10025C4F800550121F068FFF7A4FF5F
:10741C000020CCE76FF08500C9E710B504460022C8
:10742C000121C620FAF782FCC620FAF74DFC204653
:10743C00BDE81040FBF7B8BC10B504460022012192
:10744C00C720FAF773FCC720FAF73EFC2046BDE8CC
:10745C001040FBF7A9BC03460A46197901230068C2
:10746C0003FA01F103691B68194218BF82F001028B
:10747C0012B18368DB68184783681B69FBE707B5A3
:10748C000DF10701FFF740FC9DF8073003F0FD03F9
:10749C00012B14BF6FF00F00002003B05DF804FB4C
:1074AC00002201214A20FAF741BC13B501AA044677
:1074BC00FFF7D9FD002805DB019B226819791868B4
:1074CC00FBF750FB02B010BD10B50B6813B913607D
:1074DC00184605E003685C681CB114600368186802
:1074EC0010BD083303600B68013B0B60EDE77FB503
:1074FC000BAB059303930A9B02930023CDE9003356
:10750C001846F9F799FD07B05DF804FB012970B531
:10751C000C4606D100214368D86BFFF7C6FF00204C
:10752C0070BD61B90669456896F85D3023B128468F
:10753C00FDF7FCFB86F85D400121E86BEDE76FF091
:10754C008500EDE710B504460068D0B18368C3B17F
:10755C0049B101210830FFF77EFF23681869BDE8A7
:10756C00104000F0C4B912B98388DB0409D4006957
:10757C0000F0BDF920680021BDE810400830FFF78D
:10758C006ABF10BD10B5012200210446FFF7DAFFD7
:10759C00A36933B9636004F11000BDE81040FDF736
:1075AC008BBF10BD10B5006903688B4206D190F8F3
:1075BC005C4034B9FFF7E6FF204610BD6FF01500B4
:1075CC00FBE76FF00F00F8E738B504690546216357
:1075DC0004F12000FDF770FF002284F85C2028697C
:1075EC001146BDE83840FFF7ADBF07B56846FCF75C
:1075FC00EBFFDDE9000103B05DF804FB10B5EFF320
:10760C001184202383F31288BFF36F8FFFF7EDFFF4
:10761C0084F31188BFF36F8F10BD004700F067B97A
:10762C00FCF7CEB9F7B51746DDE90846019001A87D
:10763C001D46FCF70DFB019B002F00EB830014BFD4
:10764C0002230023002918BF43F00103002D14BFAF
:10765C004FF00C0C4FF0000C002C43EA0C0314BF41
:10766C004FF4706C4FF0000C002E43EA0C0314BF67
:10767C004FF4403C4FF0000CD0F8802043EA0C0350
:10768C0022EA030301B109780FB13F787F00194357
:10769C000DB12D78AD0041EA07020CB121780C0236
:1076AC0015430EB1367836042C433443C0F8804071
:1076BC0003B0F0BD1FB50DF10F03019300238DF83E
:1076CC000F1000931A461946FFF7ACFF05B05DF892
:1076DC0004FB70B50446084616460D46FCF7C6FA80
:1076EC00083034F81030DA0509D5C3F3432304EB22
:1076FC00C302526854F83330314628469847A36881
:10770C002BB1E26831462846BDE87040184770BD81
:10771C0038B504792046FCF7B3FA40B12046FCF7A3
:10772C00C1FA00B2800000F5807080B238BD4FF411
:10773C00A270FBE7F0B504460020012705468446FD
:10774C0095420AD1D4F8443133B10023C4F8443102
:10775C00D4F8443140F40030F0BDEBB29B0003F59B
:10776C0080769B0807FA03F3194208D054F806E018
:10777C00BEF1000F03D044F806C0A65918430135DA
:10778C00DEE770B50679044630460D46FCF778FA0C
:10779C00B0B12046FCF7FEFA90B13046FCF782FA05
:1077AC00012322688340C2F8183303B2206800EB2F
:1077BC008300D0F8103523F00303C0F8103570BDEA
:1077CC002846BDE870400021FFF774BFFCF7F6BAFD
:1077DC00FFF7D7BFFFF79CBF08B5FDF7B1F8BDE8C1
:1077EC000840FCF7EDB930B50125A2F58074A4086A
:1077FC0005FA04F4214009D0815839B10021815097
:10780C00825828461A6814431C6030BD0846FCE7B1
:10781C0000232DE9F34104460D460193904601AB3C
:10782C004FF48072FFF7DFFF01AB4FF482722946F1
:10783C002046FFF7D8FF01AB07464FF48472294668
:10784C002046FFF7D0FF064630B1B8F1000F1DD02F
:10785C0017B13E46D4F80C3701AB4FF4A67229464B
:10786C002046FFF7C0FF30B1B8F1000F03D016B9B6
:10787C000FB1D4F80C3701AB4FF4B4722946204643
:10788C00FFF7B1FF019802B0BDE8F0814646E3E78F
:10789C0007B5019001A8FDF793F80123019A9340D5
:1078AC00436003B05DF804FB07B5019001A8FDF738
:1078BC0087F80123019A9340836003B05DF804FBC1
:1078CC00012370B504460E46642543600022022154
:1078DC002046FFF79DFF20B90120FFF79FFE013DD9
:1078EC00F4D100237377C4F8003570BD704708B12C
:1078FC00FAF762BD7047704740B1C368587810F012
:10790C0001001EBF1878B0FA80F0400970477FB5AF
:10791C000BAB059303930A9B012202930023CDE941
:10792C0000331846F9F788FB07B05DF804FBEFF35A
:10793C001183202383F31288BFF36F8FFEE710B5FA
:10794C004369044633B90020E268537843F00103DD
:10795C00537010BD98470028F5D00028B8BF40429E
:10796C00FF28A8BFFF20E3681870EDE700F0DEB831
:10797C0000F0CEB8202408B5EFF3118384F31288FD
:10798C00BFF36F8FFFF72FFAF6E703460020C3E92A
:10799C000033C3E902007047EFF30580003018BFD5
:1079AC000120704700207047D0E9003213605A6004
:1079BC000023C0E90033704708B5FFF7F5FF437BA0
:1079CC0023F0020343730023836008BD38B50446DB
:1079DC000D46FDF759FE637B43F00203637395B1CB
:1079EC00A5602B689D4215D0A3B194F90E1093F9A4
:1079FC000E20914208D0521A002A05DD5A68C4E9BB
:107A0C00003214605C6038BD6A68934202D01B6817
:107A1C00002BECD16B68C4E900531C606C60F2E77E
:107A2C0010B5EFF31184202383F31288BFF36F8F0B
:107A3C00FDF75EFE84F31188BFF36F8F10BD10B598
:107A4C000146EFF31184202383F31288BFF36F8F69
:107A5C00437B13F0280F0AD183680BB1FFF7ACFFFF
:107A6C004B7B084623F004034B73FDF741FE84F374
:107A7C001188BFF36F8F10BD01211838FFF7DFBFDE
:107A8C002DE900480246FEF7E9F990B1D0E904016E
:107A9C00B0EB020B61EBE27CBBF1004F7CF100031D
:107AAC0007DA584600287CF1000300DA0020BDE814
:107ABC0000886FF00040FAE770B50446EFF31185CB
:107ACC00202383F31288BFF36F8F0368ABB1FEF7EB
:107ADC00C5F906462046FEF7D3F900224FF00043C5
:107AEC00A642C4E9042306D1FEF7C0F9FFF7C8FF8C
:107AFC000021FBF735FE002001E06FF0150085F347
:107B0C001188BFF36F8F70BD08B5FEF7D3FA08BDAF
:107B1C000A44914200F1FF3300D1704710B511F8BF
:107B2C00014B914203F8014FF9D110BD03460244B9
:107B3C00934200D1704703F8011BF9E730B50024DC
:107B4C000139A24201D1002005E0035D01340D5D35
:107B5C00AB42F6D0581B30BD024610B501448A42E8
:107B6C00134603D01C780132002CF8D1181A10BD22
:107B7C00F0B5C3F13706F6B203F01F03082BC5B2FC
:107B8C0013D0102B18D0022B23D105F0010445087B
:107B9C0045EAC1754F0828463946303402F8014B86
:107BAC0050EA0104EAD11046F0BD05F00704C508FF
:107BBC0045EA4175CF08EEE705F00F04050945EAE3
:107BCC0001750F0928463946092C84BFA419E4B263
:107BDC00E3E744084FEA900C44EAC1744CEA817C18
:107BEC0014EB0C044FEA51074FEA910E47EB0E01D0
:107BFC00200940EA017024184FEA111747EB0101E4
:107C0C00200A40EA016024184FEA112747EB0101D2
:107C1C00200C40EA014024184FEA114747EB0101C0
:107C2C000027641841EB0707E00840EA4770C4B22C
:107C3C0004EB8404A5EB4404E4B2092C4FEAD7010D
:107C4C00ABD90130A4F10A0441F10001E4B2BBE765
:107C5C002DE9F04301240A258446944202DBBDE859
:107C6C00F0839C46634613F8016B002EF7D0252E4B
:107C7C00F7D11F780CF1020C252FF3D000239E4670
:107C8C001E461F2E0FD8A7F12008B8F1100F0CD8E4
:107C9C00DFE808F0130B0B130B0B0B130B0B0B1375
:107CAC000B130B0B13007F2E1AD8A7F13008B8F169
:107CBC00090F07D8202605FB03831CF8017B002F36
:107CCC00DFD12AE0242F06D1BEF1000F3CD09C421C
:107CDC003CD00023F1E727F00408B8F12A0FF8D0C4
:107CEC006C2F06D1370648BF46F4007646F0800666
:107CFC00E3E7682F06D1F70548BF46F4007646F453
:107D0C008076DAE74C2F02D146F42076D5E76A2F3D
:107D1C00FAD07A2FD1D0742FCFD0BEF1000F9ED0D5
:107D2C0074459AD147F0200CACF1650EBEF1020FF0
:107D3C000B6802D9BCF1610F0AD1073323F007039A
:107D4C0008330B60013487E79E46C2E76327E9E7F7
:107D5C00632F01D10433F4E7732FFBD006F0800CB2
:0C7D6C00BCF1000FF6D0B605F4D5E6E738
:087D78003CE8FF7F0100000060
:107D80001D2300000000000000000000087E00002D
:107D900000000000747E000000000000507E000023
:107DA000000000002C7E000000000000BC7E0000EF
:107DB00000000000987E000029270000000000005D
:107DC000C5360000000000008F6B000000000000BE
:107DD000F922000000000000D92A00000000000085
:107DE000000000004C7F000000000000287F000021
:107DF00000000000047F000000000000E07E0000A2
:087E000000000000707F00008B
:107E0800BD940000288A0000388800006C02002019
:107E1800C00400205D2400000000000000000000F5
:107E280000000000F0940000708A00000C88000038
:107E38007002002024050020C9270000000000006F
:107E480000000000D0000020FB940000588A0000C9
:107E58000C8800007202002018050020C9270000C5
:107E68000000000000000000C0000020E4940000B2
:107E7800888A00000C8800006E020020300500206F
:107E8800C92700000000000000000000B00000202A
:107E9800B8950000F08B0000908800007C0200205C
:107EA800A405002045740000000000000000000048
:107EB800F0000020C3950000C48B000090880000EB
:107EC8007E0200209C0500202774000000000000AE
:107ED80000000000E0000020699500003C8B0000D5
:107EE800548800007402002084050020052D00003D
:107EF8000000000000000000000000007295000073
:107F08000C8B000054880000760200206C050020CD
:107F1800052D000000000000000000000000000027
:107F28007B950000DC8A000054880000780200205D
:107F380054050020052D000000000000000000008E
:107F48000000000084950000AC8A000054880000FE
:107F58007A0200203C050020052D000000000000EA
:107F680000000000000000009A970000648C0000E8
:107F7800308800008002002010010020E12E00005F
:0C7F88008B7400000000000000010020CD
:107F940000000000D56D000000000000D56D000059
:107FA40000000000D56D000000000000D56D000049
:107FB40000000000D56D000000000000D56D000039
:107FC40000000000D56D000000000000D56D000029
:107FD40000000000D56D000000000000D56D000019
:107FE40000000000D56D000000000000D56D000009
:107FF40000000000D56D000000000000D56D0000F9
:1080040000000000D56D000000000000D56D0000E8
:1080140000000000D56D000000000000D56D0000D8
:1080240000000000D56D000000000000D56D0000C8
:1080340000000000D56D000000000000D56D0000B8
:1080440000000000D56D000000000000D56D0000A8
:1080540000000000D56D000000000000D56D000098
:1080640000000000D56D000000000000D56D000088
:1080740000000000D56D000000000000D56D000078
:1080840000000000D56D000000000000D56D000068
:1080940000000000D56D000000000000D56D000058
:1080A40000000000D56D000000000000D56D000048
:1080B40000000000D56D000000000000D56D000038
:1080C40000000000D56D000000000000D56D000028
:1080D40000000000D56D000000000000D56D000018
:1080E40000000000D56D000000000000D56D000008
:1080F40000000000D56D000000000000D56D0000F8
:1081040000000000D56D000000000000D56D0000E7
:1081140000000000D56D000000000000D56D0000D7
:1081240000000000D56D000000000000D56D0000C7
:1081340000000000D56D000000000000D56D0000B7
:1081440000000000D56D000000000000D56D0000A7
:1081540000000000D56D000000000000D56D000097
:1081640000000000D56D000000000000D56D000087
:1081740000000000D56D000000000000D56D000077
:1081840000000000D56D000000000000D56D000067
:1081940000000000D56D000000000000D56D000057
:1081A40000000000D56D000000000000D56D000047
:1081B40000000000D56D000000000000D56D000037
:1081C40000000000D56D000000000000D56D000027
:1081D40000000000D56D000000000000D56D000017
:1081E4005D4F00002776000000000000D56D000000
:1081F40000000000D56D000000000000D56D0000F7
:1082040000000000D56D000000000000D56D0000E6
:1082140000000000D56D000000000000D56D0000D6
:1082240000000000D56D000000000000D56D0000C6
:1082340000000000D56D000000000000D56D0000B6
:1082440000000000D56D000000000000D56D0000A6
:1082540000000000D56D000000000000D56D000096
:1082640000000000D56D000000000000D56D000086
:1082740000000000D56D000000000000D56D000076
:1082840000000000D56D000000000000D56D000066
:1082940000000000D56D000000000000D56D000056
:1082A40000000000D56D000000000000D56D000046
:1082B40000000000D56D000000000000D56D000036
:1082C40000000000D56D000000000000D56D000026
:1082D40000000000D56D000000000000D56D000016
:1082E40000000000D56D000000000000D56D000006
:1082F40000000000D56D000000000000D56D0000F6
:1083040000000000D56D000000000000D56D0000E5
:1083140000000000D56D000000000000D56D0000D5
:1083240000000000D56D000000000000D56D0000C5
:1083340000000000D56D000000000000D56D0000B5
:1083440000000000D56D000000000000D56D0000A5
:1083540000000000D56D000000000000D56D000095
:1083640000000000D56D000000000000D56D000085
:1083740000000000D56D000000000000D56D000075
:1083840000000000D56D000000000000D56D000065
:1083940000000000D56D000000000000D56D000055
:1083A40000000000D56D000000000000D56D000045
:1083B40000000000D56D000000000000D56D000035
:1083C40000000000D56D000000000000D56D000025
:1083D40000000000D56D000000000000D56D000015
:1083E40000000000D56D000000000000D56D000005
:1083F40000000000D56D000000000000D56D0000F5
:1084040000000000D56D000000000000D56D0000E4
:1084140000000000D56D000000000000D56D0000D4
:1084240000000000D56D000000000000D56D0000C4
:1084340000000000D56D000000000000D56D0000B4
:1084440000000000D56D000000000000D56D0000A4
:1084540000000000D56D000000000000D56D000094
:1084640000000000D56D000000000000D56D000084
:1084740000000000D56D000000000000D56D000074
:1084840000000000D56D000000000000D56D000064
:1084940000000000D56D000000000000D56D000054
:1084A40000000000D56D000000000000D56D000044
:1084B40000000000D56D000000000000D56D000034
:1084C40000000000D56D000000000000D56D000024
:1084D40000000000D56D000000000000D56D000014
:1084E40000000000D56D000000000000D56D000004
:1084F40000000000D56D000000000000D56D0000F4
:1085040000000000D56D000000000000D56D0000E3
:1085140000000000D56D000000000000D56D0000D3
:1085240000000000D56D000000000000D56D0000C3
:1085340000000000D56D000000000000D56D0000B3
:1085440000000000D56D000000000000D56D0000A3
:1085540000000000D56D000000000000D56D000093
:1085640000000000D56D000000000000D56D000083
:1085740000000000D56D000000000000D56D000073
:1085840000000000D56D000000000000D56D000063
:1085940000000000D56D000000000000D56D000053
:1085A40000000000D56D000000000000D56D000043
:1085B40000000000D56D000000000000D56D000033
:1085C400BC7E000027730000987E00002773000023
:1085D40000000000D56D000000000000D56D000013
:1085E40000000000D56D000000000000D56D000003
:1085F40000000000D56D000000000000D56D0000F3
:1086040000000000D56D000000000000D56D0000E2
:1086140000000000D56D000000000000D56D0000D2
:1086240000000000D56D000000000000D56D0000C2
:1086340000000000D56D000000000000D56D0000B2
:1086440000000000D56D000000000000D56D0000A2
:1086540000000000D56D000000000000D56D000092
:1086640000000000D56D00001945000027760000C9
:1086740000000000D56D000000000000D56D000072
:1086840000000000D56D000000000000D56D000062
:1086940000000000D56D000000000000D56D000052
:1086A40000000000D56D000000000000D56D000042
:1086B4009D4800002776000000000000D56D0000F2
:1086C40000000000D56D000000000000D56D000022
:1086D40000000000D56D000000000000D56D000012
:1086E40000000000D56D000000000000D56D000002
:1086F40000000000D56D000000000000D56D0000F2
:1087040000000000D56D000000000000D56D0000E1
:1087140000000000D56D000000000000D56D0000D1
:1087240000000000D56D000000000000D56D0000C1
:1087340000000000D56D000000000000D56D0000B1
:1087440000000000D56D000000000000D56D0000A1
:1087540000000000D56D000000000000D56D000091
:1087640000000000D56D000000000000D56D000081
:1087740000000000D56D000000000000D56D000071
:1087840000000000D56D000000000000D56D000061
:1087940000000000D56D000000000000D56D000051
:1087A40000000000D56D000000000000D56D000041
:1087B40000000000D56D0000E5770000277600007A
:1087C40000000000D56D000000000000D56D000021
:1087D40000000000D56D000000000000D56D000011
:1087E40000000000D56D000000000000D56D000001
:1087F40000000000D56D0000294500002776000028
:0888040000000000D56D00002A
:10880C002D280000A76F0000B36F0000C76F000099
:10881C00D16F0000DB6F0000C1290000EF6F00007A
:04882C000000000048
:0888300081310000B175000068
:108838007D2500000D6F00004B6F00000000000058
:0C884800A96E000000000000000000000D
:10885400B172000003730000DD720000EB720000CF
:108864000000000000000000000000000000000004
:1088740000000000000000000000000000000000F4
:0C888400000000000000000000000000E8
:0C8890003F7300001D2E0000317300003B
:10889C00B294000003000000138F000003000000DE
:1088AC00D694000003000000569500000300000061
:1088BC00248F000003000000288F0000030000003C
:1088CC00E98F0000030000002F940000030000005B
:1088DC0095980000030000000F90000003000000BA
:1088EC009095000003000000AE940000030000000F
:1088FC00A497000003000000E48E000003000000B9
:08890C00CE95000003000000FD
:10891400D889000098000020D88F000001000000D2
:1089300000A0105000820D500004055005000000FA
:108940000400000001000000000000000000000022
:108950000338FDD870470000000000000000000050
:108960000338FDD8704700000048E80100366E016A
:108970000024F400001BB70000127A0000093D003B
:1089800080841E0040420F00796C0000000000004F
:10899000000000000000000000000000B88F000090
:1089A000C08F000000000000000000000000000078
:1089B000C88F0000CC8F0000D08F0000D48F000043
:1089C000C8890000680400205114000080040020C1
:1089D0001908002001000000F76C000000000000F2
:1089E000FD130000EB6C000000000000DF6C0000D5
:1089F0000000000000000020000000000600010050
:108A000002000000088A0000000000009F9400009F
:108A100006000000E04F160000000020A7940000B0
:108A200021000000E0EF02200525000029240000BD
:108A3000CA940000256F00002B6F0000D094000046
:108A4000B1250000F92300000000000000A0105034
:108A500000820D5000040550FF070000000405507F
:108A60000000000002000000000000000000000004
:108A7000FFFF000000820D50000000000100000018
:108A800000A00D50000000001F00000000A01050CA
:108A9000000000000000000000C0105001000000B5
:108AA00000A0105000820D5000040550000000800E
:108AB000FFFFFF7F0000008000000080FFFFFF7FBE
:108AC00000000080B80B0000000000006995000065
:108AD00000FF0A00747E0000010000020000008018
:108AE000FFFFFF7F0000008000000080FFFFFF7F8E
:108AF00000000080000000000000000069950000F8
:108B000000FF0A00507E0000050001000000008008
:108B1000FFFFFF7F0000008000000080FFFFFF7F5D
:108B200000000080000000000000000069950000C7
:108B300000FF0A00507E00000300000000000080DB
:108B4000FFFFFF7F0000008000000080FFFFFF7F2D
:108B50000000008000000000000000006995000097
:108B600000FF0A002C7E00000F00000000600C5087
:108B7000A48B00000200000000700C50B48B0000B9
:108B80000200000029000000280600014800000043
:108B9000470600012980000028800001488000006D
:108BA00047800001848B000002000000948B0000CD
:108BB000020100008C8B0000020000009C8B000072
:108BC0000201000000600C500000000000000000E6
:108BD0006C8B000000C201000000D6010000000004
:108BE00000000040000000001C0800201B080020BE
:108BF00000700C500000000000000000788B0000A6
:108C000000C201000000D60100000000000000408A
:108C1000000000001E0800201D08002000A01050C9
:108C200000820D500004055000000000000000000C
:108C300000A00450548C0000020000004100000419
:108C40004200000544000006418000044280000507
:108C5000448000063C8C000003000000488C0000AB
:108C60000301000000A00450000000000048E801DB
:108C7000000000000000000000000000FFFFFFFFF8
:108C80000000FF000000000000000000FFFFFFFFE9
:108C90000100000101000000AD740000FFFF0000B2
:108CA000308C0000FFFFFFFF00000000000000000C
:108CB00000A0105000820D500004055000A010507C
:108CC00000820D500004055000A0105000820D508D
:108CD00000040550D4970000E2970000F6970000CA
:108CE0000598000011980000807D0000807D000044
:108CF000C07D0000C87D0000087E0000087E0000E6
:108D00003D3D3D3D3D3D3D3D205350492053706527
:108D100065642054657374203D3D3D3D3D3D3D3DC2
:108D200000426F6172643A205849414F206E5246AA
:108D300035344C31350053434B3D44382F50322E9F
:108D4000303120204D49534F3D44392F50322E3081
:108D50003420204D4F53493D4431302F50322E3076
:108D600032202043533D44312F50312E30350047BF
:108D700050494F206E6F74207265616479005350C2
:108D800049206E6F74207265616479005465737454
:108D9000696E67206672657175656E6369657320BB
:108DA0002868696768202D3E206C6F77293A00207B
:108DB00020253275204D487A3A204A4544454320C3
:108DC00049442072656164204641494C454420284D
:108DD000535049206572726F722900202025327528
:108DE000204D487A3A204A45444543204944203D95
:108DF00020464620464620464620286E6F20726553
:108E000073706F6E736529002020253275204D48E0
:108E10007A3A2072656164204641494C45442028D5
:108E2000535049206572726F7229002020253275D7
:108E3000204D487A3A204A45444543204F4B20284C
:108E40002530325825303258253032582920627565
:108E5000742064617461206D69736D61746368214D
:108E6000002020253275204D487A3A204A45444555
:108E7000433D253032582530325825303258202095
:108E8000726561642F7772697465204F4B003D3DB8
:108E90003D3D3D3D3D3D3D3D3D3D3D3D3D3D3D3D02
:108EA0003D3D3D3D3D3D3D3D3D3D3D3D3D3D003E2E
:108EB0003E204D617820776F726B696E672053504A
:108EC000492073706565643A202575204D487A0005
:108ED0003E3E204E6F20737065656420776F726B25
:108EE000656421007370695F73706565645F7465A4
:108EF000737400573235513132384A5620384D4854
:108F00007A2064656D6F204020307830303030300A
:108F100030303063627072696E74665F7061636B6B
:108F2000616765006C6F67006C6F675F6D676D747C
:108F3000004D6573736167652064726F707065645E
:108F40002062656361757365206974206578636567
:108F50006564732073697A65206C696D69746174E6
:108F6000696F6E2028257529001B5B306D00257305
:108F700020005B2530386C755D20005B2530327534
:108F80003A253032753A253032752E253033752C1E
:108F9000253033755D20003C25733E200025732F5E
:108FA0000025733A20000D0A002530327820002079
:108FB0002020007C002563001B5B313B33316D00BA
:108FC0001B5B313B33336D006572720077726E004C
:108FD000696E6600646267006C6F675F6261636BF5
:108FE000656E645F75617274006C6F675F75617246
:108FF0007400000101030100030161637469766577
:109000000073757370656E646564006F66660070EA
:109010006D5F6465766963650072302F61313A2057
:1090200020307825303878202072312F61323A2074
:1090300020307825303878202072322F61333A2062
:10904000203078253038780072332F61343A202070
:10905000307825303878207231322F69703A2020EC
:10906000307825303878207231342F6C723A2020D5
:109070003078253038780020787073723A202030AC
:109080007825303878004661756C74696E672069A0
:109090006E737472756374696F6E20616464726557
:1090A000737320287231352F7063293A2030782568
:1090B00030387800556E68616E646C656420495282
:1090C000516E3A202564002A2A2A2A2A2042555322
:1090D000204641554C54202A2A2A2A2A002020536F
:1090E0007461636B696E67206572726F7200202015
:1090F000556E737461636B696E67206572726F720F
:10910000002020507265636973652064617461207A
:10911000627573206572726F720020204246415260
:1091200020416464726573733A203078257800209A
:1091300020496D7072656369736520646174612094
:10914000627573206572726F72002020496E7374AD
:1091500072756374696F6E20627573206572726FC9
:1091600072002020466C6F6174696E672D706F69A4
:109170006E74206C617A79207374617465207072EA
:1091800065736572766174696F6E206572726F7255
:10919000002A2A2A2A2A204D5055204641554C544F
:1091A000202A2A2A2A2A002020537461636B696EC0
:1091B00067206572726F722028636F6E74657874B1
:1091C0002061726561206D69676874206265206E38
:1091D0006F742076616C6964290020204461746199
:1091E000204163636573732056696F6C6174696FA6
:1091F0006E0020204D4D46415220416464726573DB
:10920000733A2030782578002020496E7374727587
:109210006374696F6E204163636573732056696F71
:109220006C6174696F6E002A2A2A2A2A20555341DC
:109230004745204641554C54202A2A2A2A2A0020F4
:10924000204469766973696F6E206279207A65724D
:109250006F002020556E616C69676E6564206D65D6
:109260006D6F72792061636365737300202053749E
:1092700061636B206F766572666C6F772028636F11
:109280006E746578742061726561206E6F742076EB
:10929000616C6964290020204E6F20636F70726FCB
:1092A000636573736F7220696E737472756374692A
:1092B0006F6E73002020496C6C6567616C206C6F69
:1092C0006164206F66204558435F52455455524EA5
:1092D00020696E746F205043002020496C6C6567D4
:1092E000616C20757365206F662074686520455039
:1092F0005352002020417474656D707420746F2087
:109300006578656375746520756E646566696E65FC
:109310006420696E737472756374696F6E00526550
:1093200073657276656420457863657074696F6EE5
:1093300020280053707572696F757320696E7465AB
:109340007272757074202849525120005350534551
:109350004C20696E20746872656164206D6F64656D
:1093600020646F6573206E6F7420696E6469636139
:10937000746520505350002A2A2A2A2A2048415234
:1093800044204641554C54202A2A2A2A2A002020CB
:10939000427573206661756C74206F6E207665630C
:1093A000746F72207461626C652072656164002064
:1093B000204465627567206576656E7400202046DE
:1093C00061756C7420657363616C6174696F6E2084
:1093D000287365652062656C6F77290041524348A8
:1093E0005F45584345505420776974682072656121
:1093F000736F6E2025780A002A2A2A2A2A204465BB
:10940000627567206D6F6E69746F72206578636531
:109410007074696F6E202A2A2A2A2A002A2A2A2A88
:109420002A20257320256429202A2A2A2A2A006D29
:10943000707500506172746974696F6E2025753A99
:109440002073616E69747920636865636B2066615F
:10945000696C65642E00496E76616C696420756E76
:109460006465726C79696E6720726567696F6E20DA
:10947000696E646578202575004661696C656420B5
:10948000746F20616C6C6F63617465206E6577200A
:109490004D505520726567696F6E2025750A00462C
:1094A0004C4153485F30005352414D5F3000736F61
:1094B000630063616368655F6E72667800636C6FFA
:1094C000636B40313065303030006866636C6B0030
:1094D0006C66636C6B00636C6F636B5F636F6E7461
:1094E000726F6C006770696F4031306130303000EE
:1094F0006770696F406438323030006770696F4060
:109500003530343030004750494F20706F7274202E
:109510002573206E6F7420726561647900666169DD
:109520006C656420746F20636F6E66696775726521
:10953000204750494F20686F6720666F7220706F18
:1095400072742025732070696E202575202865723D
:109550007220256429006770696F5F686F67730008
:1095600000010405020608090F766261742D707708
:109570007200726673772D70777200726673772D42
:1095800063746C0070646D2D696D752D7077720059
:10959000726567756C61746F725F66697865640087
:1095A0004750494F20706F72743A202573206E6FB8
:1095B000742072656164790075617274406337303C
:1095C0003030007561727440633630303000756140
:1095D00072745F6E7266785F756172746500557043
:1095E0006461746520657863656564732063757272
:1095F00072656E7420627566666572004661696C9C
:10960000656420746F20616C6C6F636174652047C2
:1096100050494F5445206368616E6E656C20666FDB
:10962000722057414B45004661696C656420746F38
:1096300020636F6E6669677572652057414B4520E0
:1096400070696E004353204750494F20706F727409
:109650002025732070696E202564206973206E6F49
:10966000742072656164790048616C662D64757060
:109670006C6578206E6F7420737570706F7274658E
:109680006400536C617665206D6F6465206973209A
:109690006E6F7420737570706F72746564206F6E76
:1096A000202573004C6F6F706261636B206D6F6477
:1096B00065206973206E6F7420737570706F72749B
:1096C000656400576F72642073697A6573206F74E4
:1096D000686572207468616E203820626974732036
:1096E000617265206E6F7420737570706F7274652F
:1096F00064004672657175656E63696573206C6F91
:10970000776572207468616E20313235206B487A3B
:1097100020617265206E6F7420737570706F727443
:109720006564004661696C656420746F20696E69C8
:109730007469616C697A65206E72667820647269FA
:109740007665723A20253038780057616974696E01
:109750006720666F722057414B452061636B6E6FC7
:10976000776C6564676D656E742074696D656420DF
:109770006F75740054696D656F75742077616974D5
:10978000696E6720666F72207472616E73666572AF
:1097900020636F6D706C657465007370694034612F
:1097A000303030007370695F6E7266785F73706915
:1097B0006D0000071823232323232323232323239C
:1097C000232300010248616C74696E67207379730A
:1097D00074656D0043505520657863657074696FDA
:1097E0006E00556E68616E646C656420696E7465A8
:1097F000727275707400537461636B206F7665725A
:10980000666C6F77004B65726E656C206F6F70735E
:10981000004B65726E656C2070616E696300556EF9
:109820006B6E6F776E206572726F7200756E6B6E05
:109830006F776E003E3E3E205A45504859522046B2
:109840004154414C204552524F522025643A202524
:1098500073206F6E20435055202564004661756C5F
:109860007420647572696E6720696E7465727275B2
:1098700070742068616E646C696E670A004375726B
:1098800072656E74207468726561643A2025702078
:1098900028257329006F73006D61696E002A2A2ADA
:1098A00020426F6F74696E67205A65706879722004
:1098B0004F53206275696C64207A65706879722DE7
:1098C000763430323031202A2A2A0A00286E756C0C
:0C98D0006C29002A666C6F61742A00008D
:1098DC000000000067000000000000000000000015
:1098EC00000000000000000000000000000000006C
:1098FC00000000000000000000000000000000005C
:10990C00000000000000000000000000000000004B
:10991C00000000000000000000000000000000003B
:10992C00000000000000000000000000000000002B
:10993C00000000000000000000000000000000001B
:10994C00000000000000000000000000000000000B
:10995C0000000000000000000000000000000000FB
:10996C00B3690000756B0000C089000000000000A6
:10997C00000000009F6E00000000000000000000CE
:10998C000000000000000000477000000000000014
:10999C000000000000000000477000000000000004
:1099AC0000000000000000004770000000000000F4
:1099BC0000000000000000008373000000000000A5
:1099CC000000000000000000837300000000000095
:1099DC0000000000000000001975000000000000ED
:1099EC000000000000000000288C000000000000B7
:1099FC0020010020200100200000000001000000D8
:109A0C0030010020300100200000000001000000A7
:109A1C00000000000000000000000000000000003A
:109A2C00000000000000000000000000000000002A
:109A3C0000000000707F000000000000000000002B
:109A4C00270800201F0800208536000000000000B9
:109A5C00FF0000000090D003000000000000000098
:109A6C0000000000000000000000000000000000EA
:109A7C0000000000000000000000000000000000DA
:109A8C0000000000000000000000000000000000CA
:109A9C0000000000000000000000000000000000BA
:109AAC0000000000000000000000000000000000AA
:109ABC0008000000FF000000000000000200000091
:109ACC00000000000000000000000000000000008A
:109ADC00000000000000000000000000000000007A
:109AEC00000000000000000000000000000000006A
:109AFC00000000000000000000000000000000005A
:109B0C000000000000000000000000000000000049
:109B1C000000000000000000000000000400000035
:109B2C000F00000000000000010000000000000019
:0C9B3C007102000064020020640200209E
:109B4800000000000000000000000000000000000D
:089B5800000000000000000005
:049B60000000000001
:049B640015E015E013
:0400000300001BF5E9
:00000001FF
